"Store_Name","Region","Type","Weekday","Month","Sales","Holiday","Store1_Event","Store2_Event"
"1","A","AA","Weekday","Jan",61508,1,0,0
"1","A","AA","Weekday","Jan",62358,1,0,0
"1","A","AA","Weekday","Jan",61579,0,0,0
"1","A","AA","Weekday","Jan",57747,0,0,0
"1","A","AA","Weekday","Jan",52169,0,0,0
"1","A","AA","Weekend","Jan",63197,0,0,0
"1","A","AA","Weekend","Jan",65528,0,0,0
"1","A","AA","Weekday","Jan",56107,0,0,0
"1","A","AA","Weekday","Jan",64067,0,0,0
"1","A","AA","Weekday","Jan",46116,0,0,0
"1","A","AA","Weekday","Jan",59977,0,0,0
"1","A","AA","Weekday","Jan",60808,0,0,0
"1","A","AA","Weekend","Jan",57408,0,0,0
"1","A","AA","Weekend","Jan",53286,0,0,0
"1","A","AA","Weekday","Jan",58057,0,0,0
"1","A","AA","Weekday","Jan",66433,0,0,0
"1","A","AA","Weekday","Jan",54466,0,0,0
"1","A","AA","Weekday","Jan",63025,0,0,0
"1","A","AA","Weekday","Jan",58852,0,0,0
"1","A","AA","Weekend","Jan",70660,0,0,0
"1","A","AA","Weekend","Jan",71292,0,0,0
"1","A","AA","Weekday","Jan",57266,0,0,0
"1","A","AA","Weekday","Jan",61286,0,0,0
"1","A","AA","Weekday","Jan",44443,0,0,0
"1","A","AA","Weekday","Jan",59141,0,0,0
"1","A","AA","Weekday","Jan",55141,0,0,0
"1","A","AA","Weekend","Jan",71216,0,0,0
"1","A","AA","Weekend","Jan",63107,0,0,0
"1","A","AA","Weekday","Jan",55016,0,0,0
"1","A","AA","Weekday","Jan",44819,0,0,0
"1","A","AA","Weekday","Jan",52765,0,0,0
"1","A","AA","Weekday","Feb",46149,0,0,0
"1","A","AA","Weekday","Feb",47281,0,0,0
"1","A","AA","Weekend","Feb",62758,0,0,0
"1","A","AA","Weekend","Feb",60879,0,0,0
"1","A","AA","Weekday","Feb",47939,0,0,0
"1","A","AA","Weekday","Feb",45477,0,0,0
"1","A","AA","Weekday","Feb",58531,0,0,0
"1","A","AA","Weekday","Feb",41364,0,0,0
"1","A","AA","Weekday","Feb",53644,0,0,0
"1","A","AA","Weekend","Feb",63837,0,0,0
"1","A","AA","Weekend","Feb",63732,0,0,0
"1","A","AA","Weekday","Feb",55549,0,0,0
"1","A","AA","Weekday","Feb",45947,0,0,0
"1","A","AA","Weekday","Feb",43692,0,0,0
"1","A","AA","Weekday","Feb",50124,0,0,0
"1","A","AA","Weekday","Feb",52633,0,0,0
"1","A","AA","Weekend","Feb",60470,0,0,0
"1","A","AA","Weekend","Feb",58293,0,0,0
"1","A","AA","Weekday","Feb",55277,0,0,0
"1","A","AA","Weekday","Feb",42675,0,0,0
"1","A","AA","Weekday","Feb",44068,0,0,0
"1","A","AA","Weekday","Feb",45032,0,0,0
"1","A","AA","Weekday","Feb",45754,0,0,0
"1","A","AA","Weekend","Feb",74332,0,0,0
"1","A","AA","Weekend","Feb",67804,0,0,0
"1","A","AA","Weekday","Feb",45505,0,0,0
"1","A","AA","Weekday","Feb",60576,0,0,0
"1","A","AA","Weekday","Feb",50068,1,0,0
"1","A","AA","Weekday","Mar",56325,1,0,0
"1","A","AA","Weekday","Mar",63259,1,0,0
"1","A","AA","Weekend","Mar",61604,1,0,0
"1","A","AA","Weekend","Mar",68599,0,0,0
"1","A","AA","Weekday","Mar",52543,0,0,0
"1","A","AA","Weekday","Mar",41077,0,0,0
"1","A","AA","Weekday","Mar",45865,0,0,0
"1","A","AA","Weekday","Mar",41530,0,0,0
"1","A","AA","Weekday","Mar",49823,0,0,0
"1","A","AA","Weekend","Mar",58140,0,0,0
"1","A","AA","Weekend","Mar",72436,0,0,0
"1","A","AA","Weekday","Mar",49467,0,0,0
"1","A","AA","Weekday","Mar",47876,0,0,0
"1","A","AA","Weekday","Mar",48119,0,0,0
"1","A","AA","Weekday","Mar",37004,0,0,0
"1","A","AA","Weekday","Mar",48032,0,0,0
"1","A","AA","Weekend","Mar",62401,0,0,0
"1","A","AA","Weekend","Mar",57634,0,0,0
"1","A","AA","Weekday","Mar",54879,0,0,0
"1","A","AA","Weekday","Mar",51489,0,0,0
"1","A","AA","Weekday","Mar",52566,0,0,0
"1","A","AA","Weekday","Mar",37681,0,0,0
"1","A","AA","Weekday","Mar",43721,0,0,0
"1","A","AA","Weekend","Mar",62250,0,0,0
"1","A","AA","Weekend","Mar",39631,0,0,0
"1","A","AA","Weekday","Mar",45414,0,0,0
"1","A","AA","Weekday","Mar",49161,0,0,0
"1","A","AA","Weekday","Mar",55181,0,0,0
"1","A","AA","Weekday","Mar",43482,0,0,0
"1","A","AA","Weekday","Mar",42866,0,0,0
"1","A","AA","Weekend","Mar",67811,0,0,0
"1","A","AA","Weekend","Apr",54108,1,0,0
"1","A","AA","Weekday","Apr",56119,1,0,0
"1","A","AA","Weekday","Apr",57670,1,0,0
"1","A","AA","Weekday","Apr",54358,1,0,0
"1","A","AA","Weekday","Apr",55236,0,0,0
"1","A","AA","Weekday","Apr",53588,0,0,0
"1","A","AA","Weekend","Apr",56768,0,0,0
"1","A","AA","Weekend","Apr",55286,0,0,0
"1","A","AA","Weekday","Apr",50912,0,0,0
"1","A","AA","Weekday","Apr",41547,0,0,0
"1","A","AA","Weekday","Apr",50785,0,0,0
"1","A","AA","Weekday","Apr",39921,0,0,0
"1","A","AA","Weekday","Apr",46389,0,0,0
"1","A","AA","Weekend","Apr",60766,0,0,0
"1","A","AA","Weekend","Apr",52657,0,0,0
"1","A","AA","Weekday","Apr",54683,0,0,0
"1","A","AA","Weekday","Apr",55159,0,0,0
"1","A","AA","Weekday","Apr",54536,0,0,0
"1","A","AA","Weekday","Apr",48627,0,0,0
"1","A","AA","Weekday","Apr",45322,0,0,0
"1","A","AA","Weekend","Apr",57909,0,0,0
"1","A","AA","Weekend","Apr",55776,0,0,0
"1","A","AA","Weekday","Apr",66129,0,0,0
"1","A","AA","Weekday","Apr",53427,0,0,0
"1","A","AA","Weekday","Apr",52992,0,0,0
"1","A","AA","Weekday","Apr",41856,0,0,0
"1","A","AA","Weekday","Apr",53106,0,0,0
"1","A","AA","Weekend","Apr",56190,0,0,0
"1","A","AA","Weekend","Apr",58964,0,0,0
"1","A","AA","Weekday","Apr",44187,0,0,0
"1","A","AA","Weekday","May",41491,0,0,0
"1","A","AA","Weekday","May",50767,0,0,0
"1","A","AA","Weekday","May",44620,0,0,0
"1","A","AA","Weekday","May",48817,0,0,0
"1","A","AA","Weekend","May",63504,0,0,0
"1","A","AA","Weekend","May",64710,0,0,0
"1","A","AA","Weekday","May",44516,0,0,0
"1","A","AA","Weekday","May",45204,0,0,0
"1","A","AA","Weekday","May",46475,0,0,0
"1","A","AA","Weekday","May",51860,0,1,0
"1","A","AA","Weekday","May",60414,0,1,0
"1","A","AA","Weekend","May",67028,0,1,0
"1","A","AA","Weekend","May",75280,0,1,0
"1","A","AA","Weekday","May",64153,0,1,0
"1","A","AA","Weekday","May",66234,0,1,0
"1","A","AA","Weekday","May",48585,0,1,0
"1","A","AA","Weekday","May",64458,0,1,0
"1","A","AA","Weekday","May",50127,0,1,0
"1","A","AA","Weekend","May",67450,0,1,0
"1","A","AA","Weekend","May",48395,0,0,0
"1","A","AA","Weekday","May",44072,0,0,0
"1","A","AA","Weekday","May",44433,0,0,0
"1","A","AA","Weekday","May",41934,0,0,0
"1","A","AA","Weekday","May",45326,0,0,0
"1","A","AA","Weekday","May",50490,0,0,0
"1","A","AA","Weekend","May",56875,0,0,0
"1","A","AA","Weekend","May",65531,0,0,0
"1","A","AA","Weekday","May",53169,0,0,0
"1","A","AA","Weekday","May",44614,0,0,0
"1","A","AA","Weekday","May",41923,0,0,0
"1","A","AA","Weekday","May",45461,0,0,0
"1","A","AA","Weekday","Jun",55622,0,0,0
"1","A","AA","Weekend","Jun",51237,0,0,0
"1","A","AA","Weekend","Jun",55112,0,0,0
"1","A","AA","Weekday","Jun",49741,0,0,0
"1","A","AA","Weekday","Jun",44289,0,0,0
"1","A","AA","Weekday","Jun",48932,0,0,0
"1","A","AA","Weekday","Jun",42652,0,0,0
"1","A","AA","Weekday","Jun",38227,0,0,0
"1","A","AA","Weekend","Jun",67960,0,0,0
"1","A","AA","Weekend","Jun",64933,0,0,0
"1","A","AA","Weekday","Jun",48837,0,0,0
"1","A","AA","Weekday","Jun",59503,0,0,0
"1","A","AA","Weekday","Jun",56860,0,0,0
"1","A","AA","Weekday","Jun",50802,0,0,0
"1","A","AA","Weekday","Jun",51854,0,0,0
"1","A","AA","Weekend","Jun",66853,0,0,0
"1","A","AA","Weekend","Jun",57354,0,0,0
"1","A","AA","Weekday","Jun",45560,0,0,0
"1","A","AA","Weekday","Jun",54033,0,0,0
"1","A","AA","Weekday","Jun",58746,0,0,0
"1","A","AA","Weekday","Jun",48455,0,0,0
"1","A","AA","Weekday","Jun",51022,0,0,0
"1","A","AA","Weekend","Jun",60225,0,0,0
"1","A","AA","Weekend","Jun",56897,0,0,0
"1","A","AA","Weekday","Jun",46179,0,0,0
"1","A","AA","Weekday","Jun",43779,0,0,0
"1","A","AA","Weekday","Jun",62096,0,0,0
"1","A","AA","Weekday","Jun",57403,0,0,0
"1","A","AA","Weekday","Jun",51848,0,0,0
"1","A","AA","Weekend","Jun",57610,0,0,0
"1","A","AA","Weekend","Jul",68047,0,0,0
"1","A","AA","Weekday","Jul",55914,0,0,0
"1","A","AA","Weekday","Jul",43738,0,0,0
"1","A","AA","Weekday","Jul",60211,0,0,0
"1","A","AA","Weekday","Jul",52302,0,0,0
"1","A","AA","Weekday","Jul",62718,0,0,0
"1","A","AA","Weekend","Jul",62469,0,0,0
"1","A","AA","Weekend","Jul",73024,0,0,0
"1","A","AA","Weekday","Jul",59556,0,0,0
"1","A","AA","Weekday","Jul",59907,0,0,0
"1","A","AA","Weekday","Jul",53207,0,0,0
"1","A","AA","Weekday","Jul",49349,0,0,0
"1","A","AA","Weekday","Jul",56012,0,0,0
"1","A","AA","Weekend","Jul",67993,0,0,0
"1","A","AA","Weekend","Jul",61229,0,0,0
"1","A","AA","Weekday","Jul",59686,0,0,0
"1","A","AA","Weekday","Jul",48288,0,0,0
"1","A","AA","Weekday","Jul",58256,0,0,0
"1","A","AA","Weekday","Jul",67158,0,0,0
"1","A","AA","Weekday","Jul",57388,0,0,0
"1","A","AA","Weekend","Jul",75313,0,0,0
"1","A","AA","Weekend","Jul",61922,0,0,0
"1","A","AA","Weekday","Jul",51598,0,0,0
"1","A","AA","Weekday","Jul",50236,0,0,0
"1","A","AA","Weekday","Jul",57716,0,0,0
"1","A","AA","Weekday","Jul",51809,0,0,0
"1","A","AA","Weekday","Jul",56550,0,0,0
"1","A","AA","Weekend","Jul",66484,0,0,0
"1","A","AA","Weekend","Jul",72051,0,0,0
"1","A","AA","Weekday","Jul",60161,0,0,0
"1","A","AA","Weekday","Jul",66019,0,0,0
"1","A","AA","Weekday","Aug",38486,0,0,0
"1","A","AA","Weekday","Aug",40107,0,0,0
"1","A","AA","Weekday","Aug",53661,0,0,0
"1","A","AA","Weekend","Aug",62693,0,0,0
"1","A","AA","Weekend","Aug",60319,0,0,0
"1","A","AA","Weekday","Aug",45696,0,0,0
"1","A","AA","Weekday","Aug",44622,0,0,0
"1","A","AA","Weekday","Aug",47099,0,0,0
"1","A","AA","Weekday","Aug",46493,0,0,0
"1","A","AA","Weekday","Aug",50356,0,0,0
"1","A","AA","Weekend","Aug",61699,0,0,0
"1","A","AA","Weekend","Aug",62593,0,0,0
"1","A","AA","Weekday","Aug",45153,0,0,0
"1","A","AA","Weekday","Aug",61499,0,0,0
"1","A","AA","Weekday","Aug",36581,0,0,0
"1","A","AA","Weekday","Aug",41020,0,0,0
"1","A","AA","Weekday","Aug",49675,0,0,0
"1","A","AA","Weekend","Aug",52700,0,0,0
"1","A","AA","Weekend","Aug",53842,0,0,0
"1","A","AA","Weekday","Aug",28959,0,0,0
"1","A","AA","Weekday","Aug",42506,0,0,0
"1","A","AA","Weekday","Aug",57986,0,0,0
"1","A","AA","Weekday","Aug",48268,0,0,0
"1","A","AA","Weekday","Aug",53212,0,0,0
"1","A","AA","Weekend","Aug",52549,0,0,0
"1","A","AA","Weekend","Aug",49466,0,0,0
"1","A","AA","Weekday","Aug",53378,0,0,0
"1","A","AA","Weekday","Aug",45763,0,0,0
"1","A","AA","Weekday","Aug",54717,0,0,0
"1","A","AA","Weekday","Aug",49594,0,0,0
"1","A","AA","Weekday","Aug",46106,0,0,0
"1","A","AA","Weekend","Sep",64019,0,0,0
"1","A","AA","Weekend","Sep",68728,0,0,0
"1","A","AA","Weekday","Sep",48474,0,0,0
"1","A","AA","Weekday","Sep",50057,0,0,0
"1","A","AA","Weekday","Sep",50736,0,0,0
"1","A","AA","Weekday","Sep",45049,0,0,0
"1","A","AA","Weekday","Sep",45059,0,0,0
"1","A","AA","Weekend","Sep",70447,0,0,0
"1","A","AA","Weekend","Sep",59195,0,0,0
"1","A","AA","Weekday","Sep",55091,0,0,0
"1","A","AA","Weekday","Sep",55341,0,0,0
"1","A","AA","Weekday","Sep",55589,0,0,0
"1","A","AA","Weekday","Sep",53419,0,0,0
"1","A","AA","Weekday","Sep",28272,0,0,0
"1","A","AA","Weekend","Sep",68284,0,0,0
"1","A","AA","Weekend","Sep",61383,1,0,0
"1","A","AA","Weekday","Sep",50443,1,0,0
"1","A","AA","Weekday","Sep",53438,1,0,0
"1","A","AA","Weekday","Sep",58734,1,0,0
"1","A","AA","Weekday","Sep",48379,0,0,0
"1","A","AA","Weekday","Sep",56384,0,0,0
"1","A","AA","Weekend","Sep",65255,0,0,0
"1","A","AA","Weekend","Sep",49254,0,0,0
"1","A","AA","Weekday","Sep",48781,0,0,0
"1","A","AA","Weekday","Sep",43793,0,0,0
"1","A","AA","Weekday","Sep",48262,0,0,0
"1","A","AA","Weekday","Sep",51215,0,0,0
"1","A","AA","Weekday","Sep",53125,0,0,0
"1","A","AA","Weekend","Sep",69151,0,0,0
"1","A","AA","Weekend","Sep",48825,0,0,0
"1","A","AA","Weekday","Oct",64704,0,0,0
"1","A","AA","Weekday","Oct",46897,0,0,0
"1","A","AA","Weekday","Oct",47192,0,0,0
"1","A","AA","Weekday","Oct",48420,0,0,0
"1","A","AA","Weekday","Oct",58039,0,0,0
"1","A","AA","Weekend","Oct",62501,0,0,0
"1","A","AA","Weekend","Oct",62266,0,0,0
"1","A","AA","Weekday","Oct",49263,0,0,0
"1","A","AA","Weekday","Oct",60694,0,0,0
"1","A","AA","Weekday","Oct",59699,1,0,0
"1","A","AA","Weekday","Oct",53341,1,0,0
"1","A","AA","Weekday","Oct",44980,1,0,0
"1","A","AA","Weekend","Oct",62036,1,0,0
"1","A","AA","Weekend","Oct",65665,0,0,0
"1","A","AA","Weekday","Oct",60056,0,0,0
"1","A","AA","Weekday","Oct",52546,0,0,0
"1","A","AA","Weekday","Oct",51250,0,0,0
"1","A","AA","Weekday","Oct",45646,0,0,0
"1","A","AA","Weekday","Oct",55578,0,0,0
"1","A","AA","Weekend","Oct",61268,0,0,0
"1","A","AA","Weekend","Oct",55969,0,0,0
"1","A","AA","Weekday","Oct",59259,0,0,0
"1","A","AA","Weekday","Oct",52516,0,0,0
"1","A","AA","Weekday","Oct",48428,0,0,0
"1","A","AA","Weekday","Oct",64062,0,0,0
"1","A","AA","Weekday","Oct",48693,0,0,0
"1","A","AA","Weekend","Oct",73541,0,0,0
"1","A","AA","Weekend","Oct",63832,0,0,0
"1","A","AA","Weekday","Oct",50447,0,0,0
"1","A","AA","Weekday","Oct",60251,0,0,0
"1","A","AA","Weekday","Oct",41315,0,0,0
"1","A","AA","Weekday","Nov",70097,0,1,0
"1","A","AA","Weekday","Nov",62531,0,1,0
"1","A","AA","Weekend","Nov",59935,0,1,0
"1","A","AA","Weekend","Nov",73821,0,1,0
"1","A","AA","Weekday","Nov",47934,0,1,0
"1","A","AA","Weekday","Nov",72588,0,1,0
"1","A","AA","Weekday","Nov",63285,0,1,0
"1","A","AA","Weekday","Nov",54836,0,1,0
"1","A","AA","Weekday","Nov",60335,0,1,0
"1","A","AA","Weekend","Nov",69848,0,1,0
"1","A","AA","Weekend","Nov",46246,0,0,0
"1","A","AA","Weekday","Nov",50822,0,0,0
"1","A","AA","Weekday","Nov",38972,0,0,0
"1","A","AA","Weekday","Nov",61063,0,0,0
"1","A","AA","Weekday","Nov",44911,0,0,0
"1","A","AA","Weekday","Nov",50193,0,0,0
"1","A","AA","Weekend","Nov",51742,0,0,0
"1","A","AA","Weekend","Nov",68251,0,0,0
"1","A","AA","Weekday","Nov",53160,0,0,0
"1","A","AA","Weekday","Nov",43249,0,0,0
"1","A","AA","Weekday","Nov",49098,0,0,0
"1","A","AA","Weekday","Nov",50205,0,0,0
"1","A","AA","Weekday","Nov",52172,0,0,0
"1","A","AA","Weekend","Nov",61755,0,0,0
"1","A","AA","Weekend","Nov",55546,0,0,0
"1","A","AA","Weekday","Nov",53403,0,0,0
"1","A","AA","Weekday","Nov",44110,0,0,0
"1","A","AA","Weekday","Nov",38646,0,0,0
"1","A","AA","Weekday","Nov",38432,0,0,0
"1","A","AA","Weekday","Nov",54711,0,0,0
"1","A","AA","Weekend","Dec",52868,0,0,0
"1","A","AA","Weekend","Dec",59938,0,0,0
"1","A","AA","Weekday","Dec",48345,0,0,0
"1","A","AA","Weekday","Dec",52987,0,0,0
"1","A","AA","Weekday","Dec",59903,0,0,0
"1","A","AA","Weekday","Dec",50574,0,0,0
"1","A","AA","Weekday","Dec",49450,0,0,0
"1","A","AA","Weekend","Dec",63885,0,0,0
"1","A","AA","Weekend","Dec",61910,0,0,0
"1","A","AA","Weekday","Dec",59209,0,0,0
"1","A","AA","Weekday","Dec",43749,0,0,0
"1","A","AA","Weekday","Dec",55544,0,0,0
"1","A","AA","Weekday","Dec",50232,0,0,0
"1","A","AA","Weekday","Dec",52700,0,0,0
"1","A","AA","Weekend","Dec",63640,0,0,0
"1","A","AA","Weekend","Dec",63981,0,0,0
"1","A","AA","Weekday","Dec",58905,0,0,0
"1","A","AA","Weekday","Dec",47671,0,0,0
"1","A","AA","Weekday","Dec",57669,0,0,0
"1","A","AA","Weekday","Dec",55074,0,0,0
"1","A","AA","Weekday","Dec",56519,0,0,0
"1","A","AA","Weekend","Dec",61239,0,0,0
"1","A","AA","Weekend","Dec",58146,0,0,0
"1","A","AA","Weekday","Dec",49277,0,0,0
"1","A","AA","Weekday","Dec",37727,0,0,0
"1","A","AA","Weekday","Dec",50346,0,0,0
"1","A","AA","Weekday","Dec",54673,0,1,0
"1","A","AA","Weekday","Dec",61001,0,1,0
"1","A","AA","Weekend","Dec",77164,1,1,0
"1","A","AA","Weekend","Dec",74398,1,1,0
"1","A","AA","Weekday","Dec",68780,1,1,0
"2","B","AA","Weekday","Jan",32337,1,0,0
"2","B","AA","Weekday","Jan",28765,1,0,0
"2","B","AA","Weekday","Jan",24851,0,0,0
"2","B","AA","Weekday","Jan",25559,0,0,0
"2","B","AA","Weekday","Jan",27294,0,0,0
"2","B","AA","Weekend","Jan",28450,0,0,0
"2","B","AA","Weekend","Jan",24486,0,0,0
"2","B","AA","Weekday","Jan",23067,0,0,0
"2","B","AA","Weekday","Jan",25240,0,0,0
"2","B","AA","Weekday","Jan",27547,0,0,0
"2","B","AA","Weekday","Jan",26166,0,0,0
"2","B","AA","Weekday","Jan",24609,0,0,0
"2","B","AA","Weekend","Jan",28684,0,0,0
"2","B","AA","Weekend","Jan",29875,0,0,0
"2","B","AA","Weekday","Jan",28961,0,0,0
"2","B","AA","Weekday","Jan",26800,0,0,0
"2","B","AA","Weekday","Jan",28506,0,0,0
"2","B","AA","Weekday","Jan",29745,0,0,0
"2","B","AA","Weekday","Jan",30025,0,0,0
"2","B","AA","Weekend","Jan",29046,0,0,0
"2","B","AA","Weekend","Jan",26896,0,0,0
"2","B","AA","Weekday","Jan",23597,0,0,0
"2","B","AA","Weekday","Jan",25449,0,0,0
"2","B","AA","Weekday","Jan",26717,0,0,0
"2","B","AA","Weekday","Jan",22192,0,0,0
"2","B","AA","Weekday","Jan",25100,0,0,0
"2","B","AA","Weekend","Jan",32618,0,0,0
"2","B","AA","Weekend","Jan",30665,0,0,0
"2","B","AA","Weekday","Jan",28704,0,0,0
"2","B","AA","Weekday","Jan",27323,0,0,0
"2","B","AA","Weekday","Jan",27183,0,0,0
"2","B","AA","Weekday","Feb",25443,0,0,0
"2","B","AA","Weekday","Feb",24278,0,0,0
"2","B","AA","Weekend","Feb",26244,0,0,0
"2","B","AA","Weekend","Feb",23187,0,0,0
"2","B","AA","Weekday","Feb",24567,0,0,0
"2","B","AA","Weekday","Feb",23042,0,0,0
"2","B","AA","Weekday","Feb",22687,0,0,0
"2","B","AA","Weekday","Feb",22376,0,0,0
"2","B","AA","Weekday","Feb",19500,0,0,0
"2","B","AA","Weekend","Feb",26716,0,0,0
"2","B","AA","Weekend","Feb",26101,0,0,0
"2","B","AA","Weekday","Feb",26238,0,0,0
"2","B","AA","Weekday","Feb",25944,0,0,0
"2","B","AA","Weekday","Feb",23563,0,0,0
"2","B","AA","Weekday","Feb",24850,0,0,0
"2","B","AA","Weekday","Feb",23625,0,0,0
"2","B","AA","Weekend","Feb",27901,0,0,0
"2","B","AA","Weekend","Feb",26349,0,0,0
"2","B","AA","Weekday","Feb",26281,0,0,0
"2","B","AA","Weekday","Feb",24016,0,0,0
"2","B","AA","Weekday","Feb",24309,0,0,0
"2","B","AA","Weekday","Feb",20935,0,0,0
"2","B","AA","Weekday","Feb",26137,0,0,0
"2","B","AA","Weekend","Feb",24115,0,0,0
"2","B","AA","Weekend","Feb",27734,0,0,0
"2","B","AA","Weekday","Feb",24562,0,0,0
"2","B","AA","Weekday","Feb",23107,0,0,0
"2","B","AA","Weekday","Feb",31317,1,0,0
"2","B","AA","Weekday","Mar",25598,1,0,0
"2","B","AA","Weekday","Mar",24261,1,0,0
"2","B","AA","Weekend","Mar",31406,1,0,0
"2","B","AA","Weekend","Mar",25395,0,0,0
"2","B","AA","Weekday","Mar",24542,0,0,0
"2","B","AA","Weekday","Mar",25320,0,0,0
"2","B","AA","Weekday","Mar",25185,0,0,0
"2","B","AA","Weekday","Mar",23898,0,0,0
"2","B","AA","Weekday","Mar",22087,0,0,0
"2","B","AA","Weekend","Mar",25098,0,0,0
"2","B","AA","Weekend","Mar",25383,0,0,0
"2","B","AA","Weekday","Mar",24350,0,0,0
"2","B","AA","Weekday","Mar",23412,0,0,0
"2","B","AA","Weekday","Mar",21984,0,0,0
"2","B","AA","Weekday","Mar",22112,0,0,0
"2","B","AA","Weekday","Mar",23810,0,0,0
"2","B","AA","Weekend","Mar",23119,0,0,0
"2","B","AA","Weekend","Mar",30120,0,0,0
"2","B","AA","Weekday","Mar",20826,0,0,0
"2","B","AA","Weekday","Mar",23121,0,0,0
"2","B","AA","Weekday","Mar",22660,0,0,0
"2","B","AA","Weekday","Mar",28509,0,0,0
"2","B","AA","Weekday","Mar",23889,0,0,0
"2","B","AA","Weekend","Mar",25250,0,0,0
"2","B","AA","Weekend","Mar",24591,0,0,0
"2","B","AA","Weekday","Mar",23878,0,0,0
"2","B","AA","Weekday","Mar",24410,0,0,0
"2","B","AA","Weekday","Mar",26166,0,0,0
"2","B","AA","Weekday","Mar",25775,0,0,0
"2","B","AA","Weekday","Mar",21498,0,0,0
"2","B","AA","Weekend","Mar",26023,0,0,0
"2","B","AA","Weekend","Apr",29750,1,0,0
"2","B","AA","Weekday","Apr",27486,1,0,0
"2","B","AA","Weekday","Apr",26611,1,0,0
"2","B","AA","Weekday","Apr",28259,1,0,0
"2","B","AA","Weekday","Apr",22312,0,0,0
"2","B","AA","Weekday","Apr",23470,0,0,0
"2","B","AA","Weekend","Apr",28140,0,0,0
"2","B","AA","Weekend","Apr",25010,0,0,0
"2","B","AA","Weekday","Apr",19756,0,0,0
"2","B","AA","Weekday","Apr",22609,0,0,0
"2","B","AA","Weekday","Apr",22860,0,0,0
"2","B","AA","Weekday","Apr",24331,0,0,0
"2","B","AA","Weekday","Apr",22766,0,0,0
"2","B","AA","Weekend","Apr",23003,0,0,0
"2","B","AA","Weekend","Apr",29028,0,0,0
"2","B","AA","Weekday","Apr",26745,0,0,0
"2","B","AA","Weekday","Apr",24495,0,0,0
"2","B","AA","Weekday","Apr",25302,0,0,0
"2","B","AA","Weekday","Apr",25231,0,0,0
"2","B","AA","Weekday","Apr",21096,0,0,0
"2","B","AA","Weekend","Apr",22669,0,0,0
"2","B","AA","Weekend","Apr",27546,0,0,0
"2","B","AA","Weekday","Apr",24543,0,0,0
"2","B","AA","Weekday","Apr",26006,0,0,0
"2","B","AA","Weekday","Apr",22802,0,0,0
"2","B","AA","Weekday","Apr",23875,0,0,0
"2","B","AA","Weekday","Apr",25218,0,0,0
"2","B","AA","Weekend","Apr",25605,0,0,0
"2","B","AA","Weekend","Apr",28788,0,0,0
"2","B","AA","Weekday","Apr",27297,0,0,0
"2","B","AA","Weekday","May",20429,0,0,0
"2","B","AA","Weekday","May",22563,0,0,0
"2","B","AA","Weekday","May",24415,0,0,0
"2","B","AA","Weekday","May",24121,0,0,0
"2","B","AA","Weekend","May",20762,0,0,0
"2","B","AA","Weekend","May",27062,0,0,0
"2","B","AA","Weekday","May",24690,0,0,0
"2","B","AA","Weekday","May",21959,0,0,0
"2","B","AA","Weekday","May",23012,0,0,0
"2","B","AA","Weekday","May",26169,0,0,0
"2","B","AA","Weekday","May",22160,0,0,0
"2","B","AA","Weekend","May",24532,0,0,0
"2","B","AA","Weekend","May",25909,0,0,0
"2","B","AA","Weekday","May",22177,0,0,0
"2","B","AA","Weekday","May",22884,0,0,0
"2","B","AA","Weekday","May",23482,0,0,0
"2","B","AA","Weekday","May",26225,0,0,0
"2","B","AA","Weekday","May",25905,0,0,0
"2","B","AA","Weekend","May",27999,0,0,0
"2","B","AA","Weekend","May",25407,0,0,0
"2","B","AA","Weekday","May",23485,0,0,0
"2","B","AA","Weekday","May",20004,0,0,0
"2","B","AA","Weekday","May",25264,0,0,0
"2","B","AA","Weekday","May",23814,0,0,0
"2","B","AA","Weekday","May",27189,0,0,0
"2","B","AA","Weekend","May",27134,0,0,0
"2","B","AA","Weekend","May",26100,0,0,0
"2","B","AA","Weekday","May",21992,0,0,0
"2","B","AA","Weekday","May",23555,0,0,0
"2","B","AA","Weekday","May",21440,0,0,0
"2","B","AA","Weekday","May",26445,0,0,0
"2","B","AA","Weekday","Jun",29845,0,0,1
"2","B","AA","Weekend","Jun",30308,0,0,1
"2","B","AA","Weekend","Jun",39235,0,0,1
"2","B","AA","Weekday","Jun",37406,0,0,1
"2","B","AA","Weekday","Jun",32340,0,0,1
"2","B","AA","Weekday","Jun",34730,0,0,1
"2","B","AA","Weekday","Jun",34957,0,0,1
"2","B","AA","Weekday","Jun",31666,0,0,1
"2","B","AA","Weekend","Jun",37850,0,0,1
"2","B","AA","Weekend","Jun",35394,0,0,1
"2","B","AA","Weekday","Jun",19487,0,0,0
"2","B","AA","Weekday","Jun",22991,0,0,0
"2","B","AA","Weekday","Jun",24445,0,0,0
"2","B","AA","Weekday","Jun",25139,0,0,0
"2","B","AA","Weekday","Jun",23792,0,0,0
"2","B","AA","Weekend","Jun",24011,0,0,0
"2","B","AA","Weekend","Jun",22074,0,0,0
"2","B","AA","Weekday","Jun",24728,0,0,0
"2","B","AA","Weekday","Jun",22362,0,0,0
"2","B","AA","Weekday","Jun",23187,0,0,0
"2","B","AA","Weekday","Jun",24247,0,0,0
"2","B","AA","Weekday","Jun",23481,0,0,0
"2","B","AA","Weekend","Jun",24594,0,0,0
"2","B","AA","Weekend","Jun",24716,0,0,0
"2","B","AA","Weekday","Jun",22421,0,0,0
"2","B","AA","Weekday","Jun",20351,0,0,0
"2","B","AA","Weekday","Jun",28633,0,0,0
"2","B","AA","Weekday","Jun",23926,0,0,0
"2","B","AA","Weekday","Jun",23900,0,0,0
"2","B","AA","Weekend","Jun",23604,0,0,0
"2","B","AA","Weekend","Jul",32634,0,0,0
"2","B","AA","Weekday","Jul",27365,0,0,0
"2","B","AA","Weekday","Jul",26423,0,0,0
"2","B","AA","Weekday","Jul",28302,0,0,0
"2","B","AA","Weekday","Jul",31314,0,0,0
"2","B","AA","Weekday","Jul",27995,0,0,0
"2","B","AA","Weekend","Jul",29533,0,0,0
"2","B","AA","Weekend","Jul",28834,0,0,0
"2","B","AA","Weekday","Jul",28026,0,0,0
"2","B","AA","Weekday","Jul",25390,0,0,0
"2","B","AA","Weekday","Jul",28887,0,0,0
"2","B","AA","Weekday","Jul",26128,0,0,0
"2","B","AA","Weekday","Jul",25818,0,0,0
"2","B","AA","Weekend","Jul",29946,0,0,0
"2","B","AA","Weekend","Jul",26608,0,0,0
"2","B","AA","Weekday","Jul",29575,0,0,0
"2","B","AA","Weekday","Jul",30484,0,0,0
"2","B","AA","Weekday","Jul",23876,0,0,0
"2","B","AA","Weekday","Jul",26854,0,0,0
"2","B","AA","Weekday","Jul",32706,0,0,0
"2","B","AA","Weekend","Jul",26384,0,0,0
"2","B","AA","Weekend","Jul",29362,0,0,0
"2","B","AA","Weekday","Jul",21574,0,0,0
"2","B","AA","Weekday","Jul",27044,0,0,0
"2","B","AA","Weekday","Jul",28047,0,0,0
"2","B","AA","Weekday","Jul",25854,0,0,0
"2","B","AA","Weekday","Jul",30517,0,0,0
"2","B","AA","Weekend","Jul",30348,0,0,0
"2","B","AA","Weekend","Jul",25820,0,0,0
"2","B","AA","Weekday","Jul",29749,0,0,0
"2","B","AA","Weekday","Jul",27156,0,0,0
"2","B","AA","Weekday","Aug",21406,0,0,0
"2","B","AA","Weekday","Aug",22252,0,0,0
"2","B","AA","Weekday","Aug",21706,0,0,0
"2","B","AA","Weekend","Aug",21072,0,0,0
"2","B","AA","Weekend","Aug",24419,0,0,0
"2","B","AA","Weekday","Aug",22814,0,0,0
"2","B","AA","Weekday","Aug",24746,0,0,0
"2","B","AA","Weekday","Aug",22131,0,0,0
"2","B","AA","Weekday","Aug",24526,0,0,0
"2","B","AA","Weekday","Aug",24065,0,0,0
"2","B","AA","Weekend","Aug",24575,0,0,0
"2","B","AA","Weekend","Aug",24629,0,0,0
"2","B","AA","Weekday","Aug",21282,0,0,0
"2","B","AA","Weekday","Aug",25639,0,0,0
"2","B","AA","Weekday","Aug",22703,0,0,0
"2","B","AA","Weekday","Aug",23552,0,0,0
"2","B","AA","Weekday","Aug",22221,0,0,0
"2","B","AA","Weekend","Aug",25601,0,0,0
"2","B","AA","Weekend","Aug",28748,0,0,0
"2","B","AA","Weekday","Aug",26493,0,0,0
"2","B","AA","Weekday","Aug",25110,0,0,0
"2","B","AA","Weekday","Aug",27517,0,0,0
"2","B","AA","Weekday","Aug",22831,0,0,0
"2","B","AA","Weekday","Aug",22566,0,0,0
"2","B","AA","Weekend","Aug",25404,0,0,0
"2","B","AA","Weekend","Aug",24098,0,0,0
"2","B","AA","Weekday","Aug",23962,0,0,0
"2","B","AA","Weekday","Aug",21158,0,0,0
"2","B","AA","Weekday","Aug",25836,0,0,0
"2","B","AA","Weekday","Aug",19984,0,0,0
"2","B","AA","Weekday","Aug",22919,0,0,0
"2","B","AA","Weekend","Sep",22483,0,0,0
"2","B","AA","Weekend","Sep",26546,0,0,0
"2","B","AA","Weekday","Sep",22293,0,0,0
"2","B","AA","Weekday","Sep",22949,0,0,0
"2","B","AA","Weekday","Sep",24854,0,0,0
"2","B","AA","Weekday","Sep",24317,0,0,0
"2","B","AA","Weekday","Sep",26023,0,0,0
"2","B","AA","Weekend","Sep",28818,0,0,0
"2","B","AA","Weekend","Sep",26160,0,0,0
"2","B","AA","Weekday","Sep",29793,0,0,0
"2","B","AA","Weekday","Sep",26905,0,0,0
"2","B","AA","Weekday","Sep",21795,0,0,0
"2","B","AA","Weekday","Sep",24799,0,0,0
"2","B","AA","Weekday","Sep",25770,0,0,0
"2","B","AA","Weekend","Sep",26856,0,0,0
"2","B","AA","Weekend","Sep",28699,1,0,0
"2","B","AA","Weekday","Sep",27427,1,0,0
"2","B","AA","Weekday","Sep",24679,1,0,0
"2","B","AA","Weekday","Sep",27966,1,0,0
"2","B","AA","Weekday","Sep",24514,0,0,0
"2","B","AA","Weekday","Sep",27975,0,0,0
"2","B","AA","Weekend","Sep",26587,0,0,0
"2","B","AA","Weekend","Sep",25963,0,0,0
"2","B","AA","Weekday","Sep",23326,0,0,0
"2","B","AA","Weekday","Sep",21338,0,0,0
"2","B","AA","Weekday","Sep",22701,0,0,0
"2","B","AA","Weekday","Sep",25597,0,0,0
"2","B","AA","Weekday","Sep",21313,0,0,0
"2","B","AA","Weekend","Sep",20934,0,0,0
"2","B","AA","Weekend","Sep",27121,0,0,0
"2","B","AA","Weekday","Oct",23372,0,0,0
"2","B","AA","Weekday","Oct",21329,0,0,0
"2","B","AA","Weekday","Oct",26131,0,0,0
"2","B","AA","Weekday","Oct",26841,0,0,0
"2","B","AA","Weekday","Oct",23414,0,0,0
"2","B","AA","Weekend","Oct",27379,0,0,0
"2","B","AA","Weekend","Oct",24961,0,0,0
"2","B","AA","Weekday","Oct",25977,0,0,0
"2","B","AA","Weekday","Oct",28766,0,0,0
"2","B","AA","Weekday","Oct",26189,1,0,0
"2","B","AA","Weekday","Oct",28209,1,0,0
"2","B","AA","Weekday","Oct",28188,1,0,0
"2","B","AA","Weekend","Oct",27950,1,0,0
"2","B","AA","Weekend","Oct",28567,0,0,0
"2","B","AA","Weekday","Oct",23826,0,0,0
"2","B","AA","Weekday","Oct",25907,0,0,0
"2","B","AA","Weekday","Oct",23359,0,0,0
"2","B","AA","Weekday","Oct",24314,0,0,0
"2","B","AA","Weekday","Oct",24812,0,0,0
"2","B","AA","Weekend","Oct",28031,0,0,0
"2","B","AA","Weekend","Oct",23354,0,0,0
"2","B","AA","Weekday","Oct",26162,0,0,0
"2","B","AA","Weekday","Oct",26016,0,0,0
"2","B","AA","Weekday","Oct",24428,0,0,0
"2","B","AA","Weekday","Oct",21797,0,0,0
"2","B","AA","Weekday","Oct",21879,0,0,0
"2","B","AA","Weekend","Oct",29289,0,0,0
"2","B","AA","Weekend","Oct",25854,0,0,0
"2","B","AA","Weekday","Oct",24048,0,0,0
"2","B","AA","Weekday","Oct",26479,0,0,0
"2","B","AA","Weekday","Oct",25469,0,0,0
"2","B","AA","Weekday","Nov",30279,0,0,1
"2","B","AA","Weekday","Nov",31485,0,0,1
"2","B","AA","Weekend","Nov",36103,0,0,1
"2","B","AA","Weekend","Nov",32404,0,0,1
"2","B","AA","Weekday","Nov",33291,0,0,1
"2","B","AA","Weekday","Nov",35164,0,0,1
"2","B","AA","Weekday","Nov",34910,0,0,1
"2","B","AA","Weekday","Nov",32834,0,0,1
"2","B","AA","Weekday","Nov",33167,0,0,1
"2","B","AA","Weekend","Nov",31933,0,0,1
"2","B","AA","Weekend","Nov",23301,0,0,0
"2","B","AA","Weekday","Nov",20541,0,0,0
"2","B","AA","Weekday","Nov",23058,0,0,0
"2","B","AA","Weekday","Nov",25067,0,0,0
"2","B","AA","Weekday","Nov",24661,0,0,0
"2","B","AA","Weekday","Nov",23839,0,0,0
"2","B","AA","Weekend","Nov",22563,0,0,0
"2","B","AA","Weekend","Nov",29719,0,0,0
"2","B","AA","Weekday","Nov",25608,0,0,0
"2","B","AA","Weekday","Nov",22550,0,0,0
"2","B","AA","Weekday","Nov",18027,0,0,0
"2","B","AA","Weekday","Nov",22044,0,0,0
"2","B","AA","Weekday","Nov",22304,0,0,0
"2","B","AA","Weekend","Nov",25398,0,0,0
"2","B","AA","Weekend","Nov",26917,0,0,0
"2","B","AA","Weekday","Nov",22214,0,0,0
"2","B","AA","Weekday","Nov",24566,0,0,0
"2","B","AA","Weekday","Nov",20259,0,0,0
"2","B","AA","Weekday","Nov",25264,0,0,0
"2","B","AA","Weekday","Nov",26412,0,0,0
"2","B","AA","Weekend","Dec",23778,0,0,0
"2","B","AA","Weekend","Dec",22731,0,0,0
"2","B","AA","Weekday","Dec",24957,0,0,0
"2","B","AA","Weekday","Dec",21663,0,0,0
"2","B","AA","Weekday","Dec",21918,0,0,0
"2","B","AA","Weekday","Dec",31320,0,0,0
"2","B","AA","Weekday","Dec",24443,0,0,0
"2","B","AA","Weekend","Dec",29715,0,0,0
"2","B","AA","Weekend","Dec",30203,0,0,0
"2","B","AA","Weekday","Dec",30256,0,0,0
"2","B","AA","Weekday","Dec",21484,0,0,0
"2","B","AA","Weekday","Dec",23163,0,0,0
"2","B","AA","Weekday","Dec",25462,0,0,0
"2","B","AA","Weekday","Dec",26170,0,0,0
"2","B","AA","Weekend","Dec",27200,0,0,0
"2","B","AA","Weekend","Dec",25376,0,0,0
"2","B","AA","Weekday","Dec",25941,0,0,0
"2","B","AA","Weekday","Dec",22218,0,0,0
"2","B","AA","Weekday","Dec",19649,0,0,0
"2","B","AA","Weekday","Dec",24542,0,0,0
"2","B","AA","Weekday","Dec",30671,0,0,1
"2","B","AA","Weekend","Dec",36779,0,0,1
"2","B","AA","Weekend","Dec",34231,0,0,1
"2","B","AA","Weekday","Dec",32397,0,0,1
"2","B","AA","Weekday","Dec",35905,0,0,1
"2","B","AA","Weekday","Dec",32056,0,0,1
"2","B","AA","Weekday","Dec",34876,0,0,1
"2","B","AA","Weekday","Dec",33429,0,0,1
"2","B","AA","Weekend","Dec",40518,1,0,1
"2","B","AA","Weekend","Dec",41366,1,0,1
"2","B","AA","Weekday","Dec",36789,1,0,1
"3","B","BB","Weekday","Jan",22650,1,0,0
"3","B","BB","Weekday","Jan",23070,1,0,0
"3","B","BB","Weekday","Jan",21741,0,0,0
"3","B","BB","Weekday","Jan",22788,0,0,0
"3","B","BB","Weekday","Jan",19876,0,0,0
"3","B","BB","Weekend","Jan",23799,0,0,0
"3","B","BB","Weekend","Jan",16098,0,0,0
"3","B","BB","Weekday","Jan",21524,0,0,0
"3","B","BB","Weekday","Jan",22723,0,0,0
"3","B","BB","Weekday","Jan",24270,0,0,0
"3","B","BB","Weekday","Jan",22653,0,0,0
"3","B","BB","Weekday","Jan",22154,0,0,0
"3","B","BB","Weekend","Jan",20338,0,0,0
"3","B","BB","Weekend","Jan",21278,0,0,0
"3","B","BB","Weekday","Jan",21822,0,0,0
"3","B","BB","Weekday","Jan",21550,0,0,0
"3","B","BB","Weekday","Jan",23258,0,0,0
"3","B","BB","Weekday","Jan",22885,0,0,0
"3","B","BB","Weekday","Jan",22546,0,0,0
"3","B","BB","Weekend","Jan",24554,0,0,0
"3","B","BB","Weekend","Jan",20367,0,0,0
"3","B","BB","Weekday","Jan",23262,0,0,0
"3","B","BB","Weekday","Jan",22811,0,0,0
"3","B","BB","Weekday","Jan",21716,0,0,0
"3","B","BB","Weekday","Jan",24291,0,0,0
"3","B","BB","Weekday","Jan",27120,0,0,0
"3","B","BB","Weekend","Jan",23849,0,0,0
"3","B","BB","Weekend","Jan",16652,0,0,0
"3","B","BB","Weekday","Jan",20896,0,0,0
"3","B","BB","Weekday","Jan",25691,0,0,0
"3","B","BB","Weekday","Jan",22509,0,0,0
"3","B","BB","Weekday","Feb",23603,0,0,0
"3","B","BB","Weekday","Feb",18810,0,0,0
"3","B","BB","Weekend","Feb",16507,0,0,0
"3","B","BB","Weekend","Feb",19051,0,0,0
"3","B","BB","Weekday","Feb",19432,0,0,0
"3","B","BB","Weekday","Feb",20878,0,0,0
"3","B","BB","Weekday","Feb",19281,0,0,0
"3","B","BB","Weekday","Feb",18367,0,0,0
"3","B","BB","Weekday","Feb",19726,0,0,0
"3","B","BB","Weekend","Feb",16328,0,0,0
"3","B","BB","Weekend","Feb",17133,0,0,0
"3","B","BB","Weekday","Feb",18614,0,0,0
"3","B","BB","Weekday","Feb",20392,0,0,0
"3","B","BB","Weekday","Feb",21991,0,0,0
"3","B","BB","Weekday","Feb",20930,0,0,0
"3","B","BB","Weekday","Feb",19660,0,0,0
"3","B","BB","Weekend","Feb",17303,0,0,0
"3","B","BB","Weekend","Feb",17271,0,0,0
"3","B","BB","Weekday","Feb",18413,0,0,0
"3","B","BB","Weekday","Feb",22273,0,0,0
"3","B","BB","Weekday","Feb",22350,0,0,0
"3","B","BB","Weekday","Feb",24467,0,0,0
"3","B","BB","Weekday","Feb",19023,0,0,0
"3","B","BB","Weekend","Feb",19263,0,0,0
"3","B","BB","Weekend","Feb",20579,0,0,0
"3","B","BB","Weekday","Feb",19922,0,0,0
"3","B","BB","Weekday","Feb",18846,0,0,0
"3","B","BB","Weekday","Feb",17979,1,0,0
"3","B","BB","Weekday","Mar",19428,1,0,0
"3","B","BB","Weekday","Mar",25091,1,0,0
"3","B","BB","Weekend","Mar",20701,1,0,0
"3","B","BB","Weekend","Mar",15599,0,0,0
"3","B","BB","Weekday","Mar",18350,0,0,0
"3","B","BB","Weekday","Mar",17983,0,0,0
"3","B","BB","Weekday","Mar",17223,0,0,0
"3","B","BB","Weekday","Mar",18757,0,0,0
"3","B","BB","Weekday","Mar",19508,0,0,0
"3","B","BB","Weekend","Mar",16668,0,0,0
"3","B","BB","Weekend","Mar",18082,0,0,0
"3","B","BB","Weekday","Mar",19100,0,0,0
"3","B","BB","Weekday","Mar",21915,0,0,0
"3","B","BB","Weekday","Mar",20897,0,0,0
"3","B","BB","Weekday","Mar",18866,0,0,0
"3","B","BB","Weekday","Mar",18528,0,0,0
"3","B","BB","Weekend","Mar",15817,0,0,0
"3","B","BB","Weekend","Mar",16624,0,0,0
"3","B","BB","Weekday","Mar",18513,0,0,0
"3","B","BB","Weekday","Mar",19008,0,0,0
"3","B","BB","Weekday","Mar",17096,0,0,0
"3","B","BB","Weekday","Mar",20536,0,0,0
"3","B","BB","Weekday","Mar",23026,0,0,0
"3","B","BB","Weekend","Mar",17981,0,0,0
"3","B","BB","Weekend","Mar",20322,0,0,0
"3","B","BB","Weekday","Mar",20549,0,0,0
"3","B","BB","Weekday","Mar",22502,0,0,0
"3","B","BB","Weekday","Mar",19871,0,0,0
"3","B","BB","Weekday","Mar",19437,0,0,0
"3","B","BB","Weekday","Mar",20082,0,0,0
"3","B","BB","Weekend","Mar",20586,0,0,0
"3","B","BB","Weekend","Apr",19139,1,0,0
"3","B","BB","Weekday","Apr",24410,1,0,0
"3","B","BB","Weekday","Apr",19404,1,0,0
"3","B","BB","Weekday","Apr",22150,1,0,0
"3","B","BB","Weekday","Apr",16650,0,0,0
"3","B","BB","Weekday","Apr",20484,0,0,0
"3","B","BB","Weekend","Apr",19233,0,0,0
"3","B","BB","Weekend","Apr",19568,0,0,0
"3","B","BB","Weekday","Apr",21221,0,0,0
"3","B","BB","Weekday","Apr",12711,0,0,0
"3","B","BB","Weekday","Apr",22462,0,0,0
"3","B","BB","Weekday","Apr",16486,0,0,0
"3","B","BB","Weekday","Apr",22469,0,0,0
"3","B","BB","Weekend","Apr",17301,0,0,0
"3","B","BB","Weekend","Apr",16421,0,0,0
"3","B","BB","Weekday","Apr",19736,0,0,0
"3","B","BB","Weekday","Apr",21743,0,0,0
"3","B","BB","Weekday","Apr",22738,0,0,0
"3","B","BB","Weekday","Apr",16025,0,0,0
"3","B","BB","Weekday","Apr",15157,0,0,0
"3","B","BB","Weekend","Apr",20513,0,0,0
"3","B","BB","Weekend","Apr",15358,0,0,0
"3","B","BB","Weekday","Apr",19404,0,0,0
"3","B","BB","Weekday","Apr",16342,0,0,0
"3","B","BB","Weekday","Apr",20310,0,0,0
"3","B","BB","Weekday","Apr",16914,0,0,0
"3","B","BB","Weekday","Apr",15809,0,0,0
"3","B","BB","Weekend","Apr",16601,0,0,0
"3","B","BB","Weekend","Apr",16756,0,0,0
"3","B","BB","Weekday","Apr",22435,0,0,0
"3","B","BB","Weekday","May",17269,0,0,0
"3","B","BB","Weekday","May",20624,0,0,0
"3","B","BB","Weekday","May",21402,0,0,0
"3","B","BB","Weekday","May",19320,0,0,0
"3","B","BB","Weekend","May",18254,0,0,0
"3","B","BB","Weekend","May",19145,0,0,0
"3","B","BB","Weekday","May",19583,0,0,0
"3","B","BB","Weekday","May",16234,0,0,0
"3","B","BB","Weekday","May",20021,0,0,0
"3","B","BB","Weekday","May",22927,0,0,0
"3","B","BB","Weekday","May",17270,0,0,0
"3","B","BB","Weekend","May",21071,0,0,0
"3","B","BB","Weekend","May",18606,0,0,0
"3","B","BB","Weekday","May",19498,0,0,0
"3","B","BB","Weekday","May",19130,0,0,0
"3","B","BB","Weekday","May",18780,0,0,0
"3","B","BB","Weekday","May",25286,0,0,0
"3","B","BB","Weekday","May",20532,0,0,0
"3","B","BB","Weekend","May",13798,0,0,0
"3","B","BB","Weekend","May",15749,0,0,0
"3","B","BB","Weekday","May",21442,0,0,0
"3","B","BB","Weekday","May",20140,0,0,0
"3","B","BB","Weekday","May",20108,0,0,0
"3","B","BB","Weekday","May",19766,0,0,0
"3","B","BB","Weekday","May",19658,0,0,0
"3","B","BB","Weekend","May",15022,0,0,0
"3","B","BB","Weekend","May",19432,0,0,0
"3","B","BB","Weekday","May",20745,0,0,0
"3","B","BB","Weekday","May",17661,0,0,0
"3","B","BB","Weekday","May",20158,0,0,0
"3","B","BB","Weekday","May",22623,0,0,0
"3","B","BB","Weekday","Jun",23742,0,0,0
"3","B","BB","Weekend","Jun",18375,0,0,0
"3","B","BB","Weekend","Jun",18135,0,0,0
"3","B","BB","Weekday","Jun",20301,0,0,0
"3","B","BB","Weekday","Jun",22578,0,0,0
"3","B","BB","Weekday","Jun",19769,0,0,0
"3","B","BB","Weekday","Jun",18589,0,0,0
"3","B","BB","Weekday","Jun",19658,0,0,0
"3","B","BB","Weekend","Jun",16492,0,0,0
"3","B","BB","Weekend","Jun",17585,0,0,0
"3","B","BB","Weekday","Jun",19775,0,0,0
"3","B","BB","Weekday","Jun",19434,0,0,0
"3","B","BB","Weekday","Jun",19616,0,0,0
"3","B","BB","Weekday","Jun",20248,0,0,0
"3","B","BB","Weekday","Jun",21790,0,0,0
"3","B","BB","Weekend","Jun",18977,0,0,0
"3","B","BB","Weekend","Jun",19479,0,0,0
"3","B","BB","Weekday","Jun",21292,0,0,0
"3","B","BB","Weekday","Jun",18739,0,0,0
"3","B","BB","Weekday","Jun",18425,0,0,0
"3","B","BB","Weekday","Jun",22487,0,0,0
"3","B","BB","Weekday","Jun",18781,0,0,0
"3","B","BB","Weekend","Jun",19670,0,0,0
"3","B","BB","Weekend","Jun",18035,0,0,0
"3","B","BB","Weekday","Jun",19302,0,0,0
"3","B","BB","Weekday","Jun",19764,0,0,0
"3","B","BB","Weekday","Jun",18790,0,0,0
"3","B","BB","Weekday","Jun",21001,0,0,0
"3","B","BB","Weekday","Jun",24909,0,0,0
"3","B","BB","Weekend","Jun",19505,0,0,0
"3","B","BB","Weekend","Jul",22511,0,0,0
"3","B","BB","Weekday","Jul",24112,0,0,0
"3","B","BB","Weekday","Jul",26144,0,0,0
"3","B","BB","Weekday","Jul",23692,0,0,0
"3","B","BB","Weekday","Jul",25863,0,0,0
"3","B","BB","Weekday","Jul",21993,0,0,0
"3","B","BB","Weekend","Jul",20943,0,0,0
"3","B","BB","Weekend","Jul",21316,0,0,0
"3","B","BB","Weekday","Jul",23049,0,0,0
"3","B","BB","Weekday","Jul",20058,0,0,0
"3","B","BB","Weekday","Jul",23186,0,0,0
"3","B","BB","Weekday","Jul",21562,0,0,0
"3","B","BB","Weekday","Jul",24115,0,0,0
"3","B","BB","Weekend","Jul",15879,0,0,0
"3","B","BB","Weekend","Jul",22578,0,0,0
"3","B","BB","Weekday","Jul",28087,0,0,0
"3","B","BB","Weekday","Jul",27284,0,0,0
"3","B","BB","Weekday","Jul",21812,0,0,0
"3","B","BB","Weekday","Jul",25197,0,0,0
"3","B","BB","Weekday","Jul",26447,0,0,0
"3","B","BB","Weekend","Jul",20058,0,0,0
"3","B","BB","Weekend","Jul",19874,0,0,0
"3","B","BB","Weekday","Jul",24998,0,0,0
"3","B","BB","Weekday","Jul",22672,0,0,0
"3","B","BB","Weekday","Jul",20398,0,0,0
"3","B","BB","Weekday","Jul",21346,0,0,0
"3","B","BB","Weekday","Jul",23264,0,0,0
"3","B","BB","Weekend","Jul",22650,0,0,0
"3","B","BB","Weekend","Jul",21225,0,0,0
"3","B","BB","Weekday","Jul",24061,0,0,0
"3","B","BB","Weekday","Jul",20874,0,0,0
"3","B","BB","Weekday","Aug",21085,0,0,0
"3","B","BB","Weekday","Aug",18268,0,0,0
"3","B","BB","Weekday","Aug",21343,0,0,0
"3","B","BB","Weekend","Aug",17145,0,0,0
"3","B","BB","Weekend","Aug",18032,0,0,0
"3","B","BB","Weekday","Aug",17450,0,0,0
"3","B","BB","Weekday","Aug",20905,0,0,0
"3","B","BB","Weekday","Aug",16080,0,0,0
"3","B","BB","Weekday","Aug",23225,0,0,0
"3","B","BB","Weekday","Aug",17611,0,0,0
"3","B","BB","Weekend","Aug",17159,0,0,0
"3","B","BB","Weekend","Aug",17850,0,0,0
"3","B","BB","Weekday","Aug",13909,0,0,0
"3","B","BB","Weekday","Aug",18591,0,0,0
"3","B","BB","Weekday","Aug",18339,0,0,0
"3","B","BB","Weekday","Aug",16782,0,0,0
"3","B","BB","Weekday","Aug",20252,0,0,0
"3","B","BB","Weekend","Aug",18101,0,0,0
"3","B","BB","Weekend","Aug",15550,0,0,0
"3","B","BB","Weekday","Aug",17128,0,0,0
"3","B","BB","Weekday","Aug",22644,0,0,0
"3","B","BB","Weekday","Aug",19695,0,0,0
"3","B","BB","Weekday","Aug",20580,0,0,0
"3","B","BB","Weekday","Aug",20474,0,0,0
"3","B","BB","Weekend","Aug",14219,0,0,0
"3","B","BB","Weekend","Aug",16562,0,0,0
"3","B","BB","Weekday","Aug",20350,0,0,0
"3","B","BB","Weekday","Aug",18742,0,0,0
"3","B","BB","Weekday","Aug",20420,0,0,0
"3","B","BB","Weekday","Aug",19664,0,0,0
"3","B","BB","Weekday","Aug",19962,0,0,0
"3","B","BB","Weekend","Sep",18379,0,0,0
"3","B","BB","Weekend","Sep",16798,0,0,0
"3","B","BB","Weekday","Sep",19028,0,0,0
"3","B","BB","Weekday","Sep",21775,0,0,0
"3","B","BB","Weekday","Sep",17425,0,0,0
"3","B","BB","Weekday","Sep",20020,0,0,0
"3","B","BB","Weekday","Sep",16401,0,0,0
"3","B","BB","Weekend","Sep",20008,0,0,0
"3","B","BB","Weekend","Sep",19377,0,0,0
"3","B","BB","Weekday","Sep",20025,0,0,0
"3","B","BB","Weekday","Sep",21258,0,0,0
"3","B","BB","Weekday","Sep",20609,0,0,0
"3","B","BB","Weekday","Sep",20114,0,0,0
"3","B","BB","Weekday","Sep",19575,0,0,0
"3","B","BB","Weekend","Sep",17146,0,0,0
"3","B","BB","Weekend","Sep",19264,1,0,0
"3","B","BB","Weekday","Sep",26318,1,0,0
"3","B","BB","Weekday","Sep",21588,1,0,0
"3","B","BB","Weekday","Sep",22147,1,0,0
"3","B","BB","Weekday","Sep",23290,0,0,0
"3","B","BB","Weekday","Sep",21299,0,0,0
"3","B","BB","Weekend","Sep",18727,0,0,0
"3","B","BB","Weekend","Sep",18238,0,0,0
"3","B","BB","Weekday","Sep",21143,0,0,0
"3","B","BB","Weekday","Sep",20513,0,0,0
"3","B","BB","Weekday","Sep",20829,0,0,0
"3","B","BB","Weekday","Sep",22064,0,0,0
"3","B","BB","Weekday","Sep",21134,0,0,0
"3","B","BB","Weekend","Sep",20635,0,0,0
"3","B","BB","Weekend","Sep",21426,0,0,0
"3","B","BB","Weekday","Oct",20164,0,0,0
"3","B","BB","Weekday","Oct",21120,0,0,0
"3","B","BB","Weekday","Oct",19603,0,0,0
"3","B","BB","Weekday","Oct",19893,0,0,0
"3","B","BB","Weekday","Oct",24267,0,0,0
"3","B","BB","Weekend","Oct",18698,0,0,0
"3","B","BB","Weekend","Oct",17001,0,0,0
"3","B","BB","Weekday","Oct",18714,0,0,0
"3","B","BB","Weekday","Oct",22079,0,0,0
"3","B","BB","Weekday","Oct",21433,1,0,0
"3","B","BB","Weekday","Oct",22461,1,0,0
"3","B","BB","Weekday","Oct",23426,1,0,0
"3","B","BB","Weekend","Oct",26332,1,0,0
"3","B","BB","Weekend","Oct",15221,0,0,0
"3","B","BB","Weekday","Oct",20896,0,0,0
"3","B","BB","Weekday","Oct",18304,0,0,0
"3","B","BB","Weekday","Oct",22231,0,0,0
"3","B","BB","Weekday","Oct",20188,0,0,0
"3","B","BB","Weekday","Oct",20728,0,0,0
"3","B","BB","Weekend","Oct",17884,0,0,0
"3","B","BB","Weekend","Oct",14614,0,0,0
"3","B","BB","Weekday","Oct",22335,0,0,0
"3","B","BB","Weekday","Oct",19222,0,0,0
"3","B","BB","Weekday","Oct",18275,0,0,0
"3","B","BB","Weekday","Oct",21414,0,0,0
"3","B","BB","Weekday","Oct",23265,0,0,0
"3","B","BB","Weekend","Oct",20435,0,0,0
"3","B","BB","Weekend","Oct",20492,0,0,0
"3","B","BB","Weekday","Oct",21036,0,0,0
"3","B","BB","Weekday","Oct",19226,0,0,0
"3","B","BB","Weekday","Oct",20204,0,0,0
"3","B","BB","Weekday","Nov",19129,0,0,0
"3","B","BB","Weekday","Nov",20532,0,0,0
"3","B","BB","Weekend","Nov",18615,0,0,0
"3","B","BB","Weekend","Nov",20074,0,0,0
"3","B","BB","Weekday","Nov",22097,0,0,0
"3","B","BB","Weekday","Nov",18574,0,0,0
"3","B","BB","Weekday","Nov",20417,0,0,0
"3","B","BB","Weekday","Nov",20625,0,0,0
"3","B","BB","Weekday","Nov",21040,0,0,0
"3","B","BB","Weekend","Nov",22517,0,0,0
"3","B","BB","Weekend","Nov",15428,0,0,0
"3","B","BB","Weekday","Nov",19979,0,0,0
"3","B","BB","Weekday","Nov",19337,0,0,0
"3","B","BB","Weekday","Nov",17457,0,0,0
"3","B","BB","Weekday","Nov",19589,0,0,0
"3","B","BB","Weekday","Nov",20585,0,0,0
"3","B","BB","Weekend","Nov",16020,0,0,0
"3","B","BB","Weekend","Nov",15983,0,0,0
"3","B","BB","Weekday","Nov",19838,0,0,0
"3","B","BB","Weekday","Nov",18121,0,0,0
"3","B","BB","Weekday","Nov",19562,0,0,0
"3","B","BB","Weekday","Nov",18976,0,0,0
"3","B","BB","Weekday","Nov",19304,0,0,0
"3","B","BB","Weekend","Nov",19439,0,0,0
"3","B","BB","Weekend","Nov",16208,0,0,0
"3","B","BB","Weekday","Nov",15452,0,0,0
"3","B","BB","Weekday","Nov",22592,0,0,0
"3","B","BB","Weekday","Nov",20637,0,0,0
"3","B","BB","Weekday","Nov",19283,0,0,0
"3","B","BB","Weekday","Nov",24313,0,0,0
"3","B","BB","Weekend","Dec",20656,0,0,0
"3","B","BB","Weekend","Dec",16302,0,0,0
"3","B","BB","Weekday","Dec",22230,0,0,0
"3","B","BB","Weekday","Dec",21899,0,0,0
"3","B","BB","Weekday","Dec",21778,0,0,0
"3","B","BB","Weekday","Dec",19022,0,0,0
"3","B","BB","Weekday","Dec",22729,0,0,0
"3","B","BB","Weekend","Dec",16221,0,0,0
"3","B","BB","Weekend","Dec",19679,0,0,0
"3","B","BB","Weekday","Dec",18786,0,0,0
"3","B","BB","Weekday","Dec",22416,0,0,0
"3","B","BB","Weekday","Dec",20133,0,0,0
"3","B","BB","Weekday","Dec",20089,0,0,0
"3","B","BB","Weekday","Dec",20977,0,0,0
"3","B","BB","Weekend","Dec",19774,0,0,0
"3","B","BB","Weekend","Dec",14808,0,0,0
"3","B","BB","Weekday","Dec",20145,0,0,0
"3","B","BB","Weekday","Dec",23671,0,0,0
"3","B","BB","Weekday","Dec",21491,0,0,0
"3","B","BB","Weekday","Dec",20229,0,0,0
"3","B","BB","Weekday","Dec",22517,0,0,0
"3","B","BB","Weekend","Dec",20850,0,0,0
"3","B","BB","Weekend","Dec",19868,0,0,0
"3","B","BB","Weekday","Dec",22164,0,0,0
"3","B","BB","Weekday","Dec",21419,0,0,0
"3","B","BB","Weekday","Dec",19369,0,0,0
"3","B","BB","Weekday","Dec",20004,0,0,0
"3","B","BB","Weekday","Dec",23828,0,0,0
"3","B","BB","Weekend","Dec",18877,1,0,0
"3","B","BB","Weekend","Dec",21869,1,0,0
"3","B","BB","Weekday","Dec",23554,1,0,0
"4","A","BB","Weekday","Jan",40020,1,0,0
"4","A","BB","Weekday","Jan",40180,1,0,0
"4","A","BB","Weekday","Jan",32083,0,0,0
"4","A","BB","Weekday","Jan",27318,0,0,0
"4","A","BB","Weekday","Jan",28929,0,0,0
"4","A","BB","Weekend","Jan",40036,0,0,0
"4","A","BB","Weekend","Jan",40680,0,0,0
"4","A","BB","Weekday","Jan",30244,0,0,0
"4","A","BB","Weekday","Jan",29790,0,0,0
"4","A","BB","Weekday","Jan",29380,0,0,0
"4","A","BB","Weekday","Jan",29098,0,0,0
"4","A","BB","Weekday","Jan",31902,0,0,0
"4","A","BB","Weekend","Jan",38735,0,0,0
"4","A","BB","Weekend","Jan",37786,0,0,0
"4","A","BB","Weekday","Jan",31405,0,0,0
"4","A","BB","Weekday","Jan",29583,0,0,0
"4","A","BB","Weekday","Jan",31854,0,0,0
"4","A","BB","Weekday","Jan",29250,0,0,0
"4","A","BB","Weekday","Jan",33704,0,0,0
"4","A","BB","Weekend","Jan",37399,0,0,0
"4","A","BB","Weekend","Jan",39074,0,0,0
"4","A","BB","Weekday","Jan",34212,0,0,0
"4","A","BB","Weekday","Jan",31765,0,0,0
"4","A","BB","Weekday","Jan",30076,0,0,0
"4","A","BB","Weekday","Jan",28708,0,0,0
"4","A","BB","Weekday","Jan",31798,0,0,0
"4","A","BB","Weekend","Jan",36114,0,0,0
"4","A","BB","Weekend","Jan",40189,0,0,0
"4","A","BB","Weekday","Jan",30616,0,0,0
"4","A","BB","Weekday","Jan",29531,0,0,0
"4","A","BB","Weekday","Jan",29731,0,0,0
"4","A","BB","Weekday","Feb",27656,0,0,0
"4","A","BB","Weekday","Feb",25665,0,0,0
"4","A","BB","Weekend","Feb",35793,0,0,0
"4","A","BB","Weekend","Feb",37190,0,0,0
"4","A","BB","Weekday","Feb",28003,0,0,0
"4","A","BB","Weekday","Feb",27414,0,0,0
"4","A","BB","Weekday","Feb",30377,0,0,0
"4","A","BB","Weekday","Feb",29519,0,0,0
"4","A","BB","Weekday","Feb",26190,0,0,0
"4","A","BB","Weekend","Feb",34741,0,0,0
"4","A","BB","Weekend","Feb",36610,0,0,0
"4","A","BB","Weekday","Feb",29127,0,0,0
"4","A","BB","Weekday","Feb",30687,0,0,0
"4","A","BB","Weekday","Feb",29613,0,0,0
"4","A","BB","Weekday","Feb",25018,0,0,0
"4","A","BB","Weekday","Feb",29926,0,0,0
"4","A","BB","Weekend","Feb",36501,0,0,0
"4","A","BB","Weekend","Feb",38405,0,0,0
"4","A","BB","Weekday","Feb",27196,0,0,0
"4","A","BB","Weekday","Feb",28052,0,0,0
"4","A","BB","Weekday","Feb",28596,0,0,0
"4","A","BB","Weekday","Feb",28224,0,0,0
"4","A","BB","Weekday","Feb",26609,0,0,0
"4","A","BB","Weekend","Feb",36742,0,0,0
"4","A","BB","Weekend","Feb",36531,0,0,0
"4","A","BB","Weekday","Feb",28793,0,0,0
"4","A","BB","Weekday","Feb",31783,0,0,0
"4","A","BB","Weekday","Feb",35271,1,0,0
"4","A","BB","Weekday","Mar",32874,1,0,0
"4","A","BB","Weekday","Mar",33907,1,0,0
"4","A","BB","Weekend","Mar",40822,1,0,0
"4","A","BB","Weekend","Mar",30734,0,0,0
"4","A","BB","Weekday","Mar",28384,0,0,0
"4","A","BB","Weekday","Mar",24261,0,0,0
"4","A","BB","Weekday","Mar",24549,0,0,0
"4","A","BB","Weekday","Mar",30911,0,0,0
"4","A","BB","Weekday","Mar",27187,0,0,0
"4","A","BB","Weekend","Mar",37435,0,0,0
"4","A","BB","Weekend","Mar",37500,0,0,0
"4","A","BB","Weekday","Mar",25805,0,0,0
"4","A","BB","Weekday","Mar",27747,0,0,0
"4","A","BB","Weekday","Mar",27911,0,0,0
"4","A","BB","Weekday","Mar",27557,0,0,0
"4","A","BB","Weekday","Mar",29192,0,0,0
"4","A","BB","Weekend","Mar",30710,0,0,0
"4","A","BB","Weekend","Mar",35479,0,0,0
"4","A","BB","Weekday","Mar",26113,0,0,0
"4","A","BB","Weekday","Mar",27522,0,0,0
"4","A","BB","Weekday","Mar",27671,0,0,0
"4","A","BB","Weekday","Mar",28368,0,0,0
"4","A","BB","Weekday","Mar",27440,0,0,0
"4","A","BB","Weekend","Mar",36237,0,0,0
"4","A","BB","Weekend","Mar",35577,0,0,0
"4","A","BB","Weekday","Mar",26416,0,0,0
"4","A","BB","Weekday","Mar",25402,0,0,0
"4","A","BB","Weekday","Mar",26586,0,0,0
"4","A","BB","Weekday","Mar",29595,0,0,0
"4","A","BB","Weekday","Mar",29068,0,0,0
"4","A","BB","Weekend","Mar",36704,0,0,0
"4","A","BB","Weekend","Apr",41340,1,0,0
"4","A","BB","Weekday","Apr",34134,1,0,0
"4","A","BB","Weekday","Apr",35138,1,0,0
"4","A","BB","Weekday","Apr",32364,1,0,0
"4","A","BB","Weekday","Apr",28011,0,0,0
"4","A","BB","Weekday","Apr",28197,0,0,0
"4","A","BB","Weekend","Apr",38991,0,0,0
"4","A","BB","Weekend","Apr",35464,0,0,0
"4","A","BB","Weekday","Apr",28531,0,0,0
"4","A","BB","Weekday","Apr",28068,0,0,0
"4","A","BB","Weekday","Apr",28127,0,0,0
"4","A","BB","Weekday","Apr",25266,0,0,0
"4","A","BB","Weekday","Apr",28972,0,0,0
"4","A","BB","Weekend","Apr",36976,0,0,0
"4","A","BB","Weekend","Apr",34346,0,0,0
"4","A","BB","Weekday","Apr",30879,0,0,0
"4","A","BB","Weekday","Apr",28636,0,0,0
"4","A","BB","Weekday","Apr",29163,0,0,0
"4","A","BB","Weekday","Apr",27028,0,0,0
"4","A","BB","Weekday","Apr",27874,0,0,0
"4","A","BB","Weekend","Apr",36100,0,0,0
"4","A","BB","Weekend","Apr",34644,0,0,0
"4","A","BB","Weekday","Apr",25654,0,0,0
"4","A","BB","Weekday","Apr",29195,0,0,0
"4","A","BB","Weekday","Apr",26583,0,0,0
"4","A","BB","Weekday","Apr",24552,0,0,0
"4","A","BB","Weekday","Apr",27647,0,0,0
"4","A","BB","Weekend","Apr",36868,0,0,0
"4","A","BB","Weekend","Apr",34978,0,0,0
"4","A","BB","Weekday","Apr",26341,0,0,0
"4","A","BB","Weekday","May",27575,0,0,0
"4","A","BB","Weekday","May",27279,0,0,0
"4","A","BB","Weekday","May",27554,0,0,0
"4","A","BB","Weekday","May",25450,0,0,0
"4","A","BB","Weekend","May",33661,0,0,0
"4","A","BB","Weekend","May",34134,0,0,0
"4","A","BB","Weekday","May",25938,0,0,0
"4","A","BB","Weekday","May",27746,0,0,0
"4","A","BB","Weekday","May",28732,0,0,0
"4","A","BB","Weekday","May",30230,0,0,0
"4","A","BB","Weekday","May",27645,0,0,0
"4","A","BB","Weekend","May",35126,0,0,0
"4","A","BB","Weekend","May",34806,0,0,0
"4","A","BB","Weekday","May",28166,0,0,0
"4","A","BB","Weekday","May",29058,0,0,0
"4","A","BB","Weekday","May",29565,0,0,0
"4","A","BB","Weekday","May",28001,0,0,0
"4","A","BB","Weekday","May",27315,0,0,0
"4","A","BB","Weekend","May",32411,0,0,0
"4","A","BB","Weekend","May",32433,0,0,0
"4","A","BB","Weekday","May",24468,0,0,0
"4","A","BB","Weekday","May",29776,0,0,0
"4","A","BB","Weekday","May",27504,0,0,0
"4","A","BB","Weekday","May",28110,0,0,0
"4","A","BB","Weekday","May",25768,0,0,0
"4","A","BB","Weekend","May",35657,0,0,0
"4","A","BB","Weekend","May",38793,0,0,0
"4","A","BB","Weekday","May",26521,0,0,0
"4","A","BB","Weekday","May",29203,0,0,0
"4","A","BB","Weekday","May",28176,0,0,0
"4","A","BB","Weekday","May",30032,0,0,0
"4","A","BB","Weekday","Jun",27149,0,0,0
"4","A","BB","Weekend","Jun",35279,0,0,0
"4","A","BB","Weekend","Jun",34993,0,0,0
"4","A","BB","Weekday","Jun",28608,0,0,0
"4","A","BB","Weekday","Jun",31166,0,0,0
"4","A","BB","Weekday","Jun",29714,0,0,0
"4","A","BB","Weekday","Jun",28323,0,0,0
"4","A","BB","Weekday","Jun",28817,0,0,0
"4","A","BB","Weekend","Jun",35646,0,0,0
"4","A","BB","Weekend","Jun",37926,0,0,0
"4","A","BB","Weekday","Jun",29843,0,0,0
"4","A","BB","Weekday","Jun",28451,0,0,0
"4","A","BB","Weekday","Jun",30262,0,0,0
"4","A","BB","Weekday","Jun",30663,0,0,0
"4","A","BB","Weekday","Jun",28215,0,0,0
"4","A","BB","Weekend","Jun",34877,0,0,0
"4","A","BB","Weekend","Jun",37309,0,0,0
"4","A","BB","Weekday","Jun",29146,0,0,0
"4","A","BB","Weekday","Jun",27606,0,0,0
"4","A","BB","Weekday","Jun",28021,0,0,0
"4","A","BB","Weekday","Jun",26892,0,0,0
"4","A","BB","Weekday","Jun",32233,0,0,0
"4","A","BB","Weekend","Jun",36309,0,0,0
"4","A","BB","Weekend","Jun",38505,0,0,0
"4","A","BB","Weekday","Jun",29103,0,0,0
"4","A","BB","Weekday","Jun",28633,0,0,0
"4","A","BB","Weekday","Jun",28409,0,0,0
"4","A","BB","Weekday","Jun",28064,0,0,0
"4","A","BB","Weekday","Jun",29965,0,0,0
"4","A","BB","Weekend","Jun",33507,0,0,0
"4","A","BB","Weekend","Jul",38513,0,0,0
"4","A","BB","Weekday","Jul",30188,0,0,0
"4","A","BB","Weekday","Jul",33696,0,0,0
"4","A","BB","Weekday","Jul",30095,0,0,0
"4","A","BB","Weekday","Jul",30049,0,0,0
"4","A","BB","Weekday","Jul",32165,0,0,0
"4","A","BB","Weekend","Jul",39026,0,0,0
"4","A","BB","Weekend","Jul",40749,0,0,0
"4","A","BB","Weekday","Jul",29779,0,0,0
"4","A","BB","Weekday","Jul",28892,0,0,0
"4","A","BB","Weekday","Jul",32510,0,0,0
"4","A","BB","Weekday","Jul",32157,0,0,0
"4","A","BB","Weekday","Jul",31944,0,0,0
"4","A","BB","Weekend","Jul",39040,0,0,0
"4","A","BB","Weekend","Jul",40407,0,0,0
"4","A","BB","Weekday","Jul",33857,0,0,0
"4","A","BB","Weekday","Jul",32466,0,0,0
"4","A","BB","Weekday","Jul",31960,0,0,0
"4","A","BB","Weekday","Jul",34876,0,0,0
"4","A","BB","Weekday","Jul",29942,0,0,0
"4","A","BB","Weekend","Jul",37442,0,0,0
"4","A","BB","Weekend","Jul",39869,0,0,0
"4","A","BB","Weekday","Jul",32315,0,0,0
"4","A","BB","Weekday","Jul",32701,0,0,0
"4","A","BB","Weekday","Jul",29627,0,0,0
"4","A","BB","Weekday","Jul",36325,0,0,0
"4","A","BB","Weekday","Jul",27924,0,0,0
"4","A","BB","Weekend","Jul",40930,0,0,0
"4","A","BB","Weekend","Jul",37654,0,0,0
"4","A","BB","Weekday","Jul",32184,0,0,0
"4","A","BB","Weekday","Jul",31419,0,0,0
"4","A","BB","Weekday","Aug",33328,0,0,0
"4","A","BB","Weekday","Aug",32616,0,0,0
"4","A","BB","Weekday","Aug",36965,0,0,0
"4","A","BB","Weekend","Aug",39890,0,0,0
"4","A","BB","Weekend","Aug",40124,0,0,0
"4","A","BB","Weekday","Aug",34404,0,0,0
"4","A","BB","Weekday","Aug",34745,0,0,0
"4","A","BB","Weekday","Aug",33738,0,0,0
"4","A","BB","Weekday","Aug",30178,0,0,0
"4","A","BB","Weekday","Aug",33055,0,0,0
"4","A","BB","Weekend","Aug",39097,0,0,0
"4","A","BB","Weekend","Aug",40939,0,0,0
"4","A","BB","Weekday","Aug",35064,0,0,0
"4","A","BB","Weekday","Aug",35119,0,0,0
"4","A","BB","Weekday","Aug",31586,0,0,0
"4","A","BB","Weekday","Aug",33762,0,0,0
"4","A","BB","Weekday","Aug",32583,0,0,0
"4","A","BB","Weekend","Aug",42143,0,0,0
"4","A","BB","Weekend","Aug",41920,0,0,0
"4","A","BB","Weekday","Aug",31551,0,0,0
"4","A","BB","Weekday","Aug",33911,0,0,0
"4","A","BB","Weekday","Aug",33789,0,0,0
"4","A","BB","Weekday","Aug",35925,0,0,0
"4","A","BB","Weekday","Aug",31977,0,0,0
"4","A","BB","Weekend","Aug",40832,0,0,0
"4","A","BB","Weekend","Aug",42682,0,0,0
"4","A","BB","Weekday","Aug",32609,0,0,0
"4","A","BB","Weekday","Aug",33275,0,0,0
"4","A","BB","Weekday","Aug",31688,0,0,0
"4","A","BB","Weekday","Aug",31962,0,0,0
"4","A","BB","Weekday","Aug",33413,0,0,0
"4","A","BB","Weekend","Sep",37950,0,0,0
"4","A","BB","Weekend","Sep",34990,0,0,0
"4","A","BB","Weekday","Sep",28984,0,0,0
"4","A","BB","Weekday","Sep",29207,0,0,0
"4","A","BB","Weekday","Sep",28073,0,0,0
"4","A","BB","Weekday","Sep",27032,0,0,0
"4","A","BB","Weekday","Sep",25644,0,0,0
"4","A","BB","Weekend","Sep",39654,0,0,0
"4","A","BB","Weekend","Sep",32244,0,0,0
"4","A","BB","Weekday","Sep",29601,0,0,0
"4","A","BB","Weekday","Sep",28532,0,0,0
"4","A","BB","Weekday","Sep",29477,0,0,0
"4","A","BB","Weekday","Sep",27966,0,0,0
"4","A","BB","Weekday","Sep",28274,0,0,0
"4","A","BB","Weekend","Sep",36016,0,0,0
"4","A","BB","Weekend","Sep",39859,1,0,0
"4","A","BB","Weekday","Sep",34959,1,0,0
"4","A","BB","Weekday","Sep",29093,1,0,0
"4","A","BB","Weekday","Sep",35698,1,0,0
"4","A","BB","Weekday","Sep",26639,0,0,0
"4","A","BB","Weekday","Sep",26102,0,0,0
"4","A","BB","Weekend","Sep",37375,0,0,0
"4","A","BB","Weekend","Sep",35284,0,0,0
"4","A","BB","Weekday","Sep",29626,0,0,0
"4","A","BB","Weekday","Sep",25658,0,0,0
"4","A","BB","Weekday","Sep",29934,0,0,0
"4","A","BB","Weekday","Sep",29087,0,0,0
"4","A","BB","Weekday","Sep",28714,0,0,0
"4","A","BB","Weekend","Sep",34405,0,0,0
"4","A","BB","Weekend","Sep",38800,0,0,0
"4","A","BB","Weekday","Oct",28535,0,0,0
"4","A","BB","Weekday","Oct",27301,0,0,0
"4","A","BB","Weekday","Oct",28243,0,0,0
"4","A","BB","Weekday","Oct",26205,0,0,0
"4","A","BB","Weekday","Oct",25719,0,0,0
"4","A","BB","Weekend","Oct",33637,0,0,0
"4","A","BB","Weekend","Oct",35186,0,0,0
"4","A","BB","Weekday","Oct",29125,0,0,0
"4","A","BB","Weekday","Oct",27294,0,0,0
"4","A","BB","Weekday","Oct",32763,1,0,0
"4","A","BB","Weekday","Oct",34131,1,0,0
"4","A","BB","Weekday","Oct",31426,1,0,0
"4","A","BB","Weekend","Oct",42546,1,0,0
"4","A","BB","Weekend","Oct",35116,0,0,0
"4","A","BB","Weekday","Oct",27742,0,0,0
"4","A","BB","Weekday","Oct",26155,0,0,0
"4","A","BB","Weekday","Oct",30430,0,0,0
"4","A","BB","Weekday","Oct",26802,0,0,0
"4","A","BB","Weekday","Oct",27348,0,0,0
"4","A","BB","Weekend","Oct",34401,0,0,0
"4","A","BB","Weekend","Oct",33440,0,0,0
"4","A","BB","Weekday","Oct",27747,0,0,0
"4","A","BB","Weekday","Oct",26134,0,0,0
"4","A","BB","Weekday","Oct",25098,0,0,0
"4","A","BB","Weekday","Oct",29618,0,0,0
"4","A","BB","Weekday","Oct",28986,0,0,0
"4","A","BB","Weekend","Oct",34849,0,0,0
"4","A","BB","Weekend","Oct",37714,0,0,0
"4","A","BB","Weekday","Oct",29051,0,0,0
"4","A","BB","Weekday","Oct",27906,0,0,0
"4","A","BB","Weekday","Oct",27185,0,0,0
"4","A","BB","Weekday","Nov",30759,0,0,0
"4","A","BB","Weekday","Nov",27812,0,0,0
"4","A","BB","Weekend","Nov",34524,0,0,0
"4","A","BB","Weekend","Nov",32205,0,0,0
"4","A","BB","Weekday","Nov",30098,0,0,0
"4","A","BB","Weekday","Nov",28561,0,0,0
"4","A","BB","Weekday","Nov",26327,0,0,0
"4","A","BB","Weekday","Nov",26047,0,0,0
"4","A","BB","Weekday","Nov",28036,0,0,0
"4","A","BB","Weekend","Nov",35946,0,0,0
"4","A","BB","Weekend","Nov",34474,0,0,0
"4","A","BB","Weekday","Nov",25614,0,0,0
"4","A","BB","Weekday","Nov",26269,0,0,0
"4","A","BB","Weekday","Nov",27293,0,0,0
"4","A","BB","Weekday","Nov",27029,0,0,0
"4","A","BB","Weekday","Nov",25488,0,0,0
"4","A","BB","Weekend","Nov",36903,0,0,0
"4","A","BB","Weekend","Nov",32524,0,0,0
"4","A","BB","Weekday","Nov",28429,0,0,0
"4","A","BB","Weekday","Nov",24902,0,0,0
"4","A","BB","Weekday","Nov",27478,0,0,0
"4","A","BB","Weekday","Nov",25379,0,0,0
"4","A","BB","Weekday","Nov",28179,0,0,0
"4","A","BB","Weekend","Nov",35812,0,0,0
"4","A","BB","Weekend","Nov",35568,0,0,0
"4","A","BB","Weekday","Nov",26744,0,0,0
"4","A","BB","Weekday","Nov",27257,0,0,0
"4","A","BB","Weekday","Nov",27356,0,0,0
"4","A","BB","Weekday","Nov",25193,0,0,0
"4","A","BB","Weekday","Nov",24938,0,0,0
"4","A","BB","Weekend","Dec",43328,0,0,0
"4","A","BB","Weekend","Dec",42296,0,0,0
"4","A","BB","Weekday","Dec",33615,0,0,0
"4","A","BB","Weekday","Dec",34562,0,0,0
"4","A","BB","Weekday","Dec",36892,0,0,0
"4","A","BB","Weekday","Dec",31136,0,0,0
"4","A","BB","Weekday","Dec",34879,0,0,0
"4","A","BB","Weekend","Dec",42854,0,0,0
"4","A","BB","Weekend","Dec",43381,0,0,0
"4","A","BB","Weekday","Dec",35808,0,0,0
"4","A","BB","Weekday","Dec",34889,0,0,0
"4","A","BB","Weekday","Dec",35960,0,0,0
"4","A","BB","Weekday","Dec",35411,0,0,0
"4","A","BB","Weekday","Dec",31940,0,0,0
"4","A","BB","Weekend","Dec",41017,0,0,0
"4","A","BB","Weekend","Dec",42492,0,0,0
"4","A","BB","Weekday","Dec",36637,0,0,0
"4","A","BB","Weekday","Dec",35545,0,0,0
"4","A","BB","Weekday","Dec",30453,0,0,0
"4","A","BB","Weekday","Dec",34627,0,0,0
"4","A","BB","Weekday","Dec",34342,0,0,0
"4","A","BB","Weekend","Dec",43168,0,0,0
"4","A","BB","Weekend","Dec",46470,0,0,0
"4","A","BB","Weekday","Dec",34244,0,0,0
"4","A","BB","Weekday","Dec",36717,0,0,0
"4","A","BB","Weekday","Dec",34961,0,0,0
"4","A","BB","Weekday","Dec",36917,0,0,0
"4","A","BB","Weekday","Dec",33769,0,0,0
"4","A","BB","Weekend","Dec",46607,1,0,0
"4","A","BB","Weekend","Dec",53571,1,0,0
"4","A","BB","Weekday","Dec",39740,1,0,0
