"Store_Name","Region","Type","Weekday","Month","Sales"
"1","A","AA","Weekday","Jan",61508
"1","A","AA","Weekday","Jan",62358
"1","A","AA","Weekday","Jan",61579
"1","A","AA","Weekday","Jan",57747
"1","A","AA","Weekday","Jan",52169
"1","A","AA","Weekend","Jan",63197
"1","A","AA","Weekend","Jan",65528
"1","A","AA","Weekday","Jan",56107
"1","A","AA","Weekday","Jan",64067
"1","A","AA","Weekday","Jan",46116
"1","A","AA","Weekday","Jan",59977
"1","A","AA","Weekday","Jan",60808
"1","A","AA","Weekend","Jan",57408
"1","A","AA","Weekend","Jan",53286
"1","A","AA","Weekday","Jan",58057
"1","A","AA","Weekday","Jan",66433
"1","A","AA","Weekday","Jan",54466
"1","A","AA","Weekday","Jan",63025
"1","A","AA","Weekday","Jan",58852
"1","A","AA","Weekend","Jan",70660
"1","A","AA","Weekend","Jan",71292
"1","A","AA","Weekday","Jan",57266
"1","A","AA","Weekday","Jan",61286
"1","A","AA","Weekday","Jan",44443
"1","A","AA","Weekday","Jan",59141
"1","A","AA","Weekday","Jan",55141
"1","A","AA","Weekend","Jan",71216
"1","A","AA","Weekend","Jan",63107
"1","A","AA","Weekday","Jan",55016
"1","A","AA","Weekday","Jan",44819
"1","A","AA","Weekday","Jan",52765
"1","A","AA","Weekday","Feb",46149
"1","A","AA","Weekday","Feb",47281
"1","A","AA","Weekend","Feb",62758
"1","A","AA","Weekend","Feb",60879
"1","A","AA","Weekday","Feb",47939
"1","A","AA","Weekday","Feb",45477
"1","A","AA","Weekday","Feb",58531
"1","A","AA","Weekday","Feb",41364
"1","A","AA","Weekday","Feb",53644
"1","A","AA","Weekend","Feb",63837
"1","A","AA","Weekend","Feb",63732
"1","A","AA","Weekday","Feb",55549
"1","A","AA","Weekday","Feb",45947
"1","A","AA","Weekday","Feb",43692
"1","A","AA","Weekday","Feb",50124
"1","A","AA","Weekday","Feb",52633
"1","A","AA","Weekend","Feb",60470
"1","A","AA","Weekend","Feb",58293
"1","A","AA","Weekday","Feb",55277
"1","A","AA","Weekday","Feb",42675
"1","A","AA","Weekday","Feb",44068
"1","A","AA","Weekday","Feb",45032
"1","A","AA","Weekday","Feb",45754
"1","A","AA","Weekend","Feb",74332
"1","A","AA","Weekend","Feb",67804
"1","A","AA","Weekday","Feb",45505
"1","A","AA","Weekday","Feb",60576
"1","A","AA","Weekday","Feb",50068
"1","A","AA","Weekday","Mar",56325
"1","A","AA","Weekday","Mar",63259
"1","A","AA","Weekend","Mar",61604
"1","A","AA","Weekend","Mar",68599
"1","A","AA","Weekday","Mar",52543
"1","A","AA","Weekday","Mar",41077
"1","A","AA","Weekday","Mar",45865
"1","A","AA","Weekday","Mar",41530
"1","A","AA","Weekday","Mar",49823
"1","A","AA","Weekend","Mar",58140
"1","A","AA","Weekend","Mar",72436
"1","A","AA","Weekday","Mar",49467
"1","A","AA","Weekday","Mar",47876
"1","A","AA","Weekday","Mar",48119
"1","A","AA","Weekday","Mar",37004
"1","A","AA","Weekday","Mar",48032
"1","A","AA","Weekend","Mar",62401
"1","A","AA","Weekend","Mar",57634
"1","A","AA","Weekday","Mar",54879
"1","A","AA","Weekday","Mar",51489
"1","A","AA","Weekday","Mar",52566
"1","A","AA","Weekday","Mar",37681
"1","A","AA","Weekday","Mar",43721
"1","A","AA","Weekend","Mar",62250
"1","A","AA","Weekend","Mar",39631
"1","A","AA","Weekday","Mar",45414
"1","A","AA","Weekday","Mar",49161
"1","A","AA","Weekday","Mar",55181
"1","A","AA","Weekday","Mar",43482
"1","A","AA","Weekday","Mar",42866
"1","A","AA","Weekend","Mar",67811
"1","A","AA","Weekend","Apr",54108
"1","A","AA","Weekday","Apr",56119
"1","A","AA","Weekday","Apr",57670
"1","A","AA","Weekday","Apr",54358
"1","A","AA","Weekday","Apr",55236
"1","A","AA","Weekday","Apr",53588
"1","A","AA","Weekend","Apr",56768
"1","A","AA","Weekend","Apr",55286
"1","A","AA","Weekday","Apr",50912
"1","A","AA","Weekday","Apr",41547
"1","A","AA","Weekday","Apr",50785
"1","A","AA","Weekday","Apr",39921
"1","A","AA","Weekday","Apr",46389
"1","A","AA","Weekend","Apr",60766
"1","A","AA","Weekend","Apr",52657
"1","A","AA","Weekday","Apr",54683
"1","A","AA","Weekday","Apr",55159
"1","A","AA","Weekday","Apr",54536
"1","A","AA","Weekday","Apr",48627
"1","A","AA","Weekday","Apr",45322
"1","A","AA","Weekend","Apr",57909
"1","A","AA","Weekend","Apr",55776
"1","A","AA","Weekday","Apr",66129
"1","A","AA","Weekday","Apr",53427
"1","A","AA","Weekday","Apr",52992
"1","A","AA","Weekday","Apr",41856
"1","A","AA","Weekday","Apr",53106
"1","A","AA","Weekend","Apr",56190
"1","A","AA","Weekend","Apr",58964
"1","A","AA","Weekday","Apr",44187
"1","A","AA","Weekday","May",41491
"1","A","AA","Weekday","May",50767
"1","A","AA","Weekday","May",44620
"1","A","AA","Weekday","May",48817
"1","A","AA","Weekend","May",63504
"1","A","AA","Weekend","May",64710
"1","A","AA","Weekday","May",44516
"1","A","AA","Weekday","May",45204
"1","A","AA","Weekday","May",46475
"1","A","AA","Weekday","May",51860
"1","A","AA","Weekday","May",60414
"1","A","AA","Weekend","May",67028
"1","A","AA","Weekend","May",75280
"1","A","AA","Weekday","May",64153
"1","A","AA","Weekday","May",66234
"1","A","AA","Weekday","May",48585
"1","A","AA","Weekday","May",64458
"1","A","AA","Weekday","May",50127
"1","A","AA","Weekend","May",67450
"1","A","AA","Weekend","May",48395
"1","A","AA","Weekday","May",44072
"1","A","AA","Weekday","May",44433
"1","A","AA","Weekday","May",41934
"1","A","AA","Weekday","May",45326
"1","A","AA","Weekday","May",50490
"1","A","AA","Weekend","May",56875
"1","A","AA","Weekend","May",65531
"1","A","AA","Weekday","May",53169
"1","A","AA","Weekday","May",44614
"1","A","AA","Weekday","May",41923
"1","A","AA","Weekday","May",45461
"1","A","AA","Weekday","Jun",55622
"1","A","AA","Weekend","Jun",51237
"1","A","AA","Weekend","Jun",55112
"1","A","AA","Weekday","Jun",49741
"1","A","AA","Weekday","Jun",44289
"1","A","AA","Weekday","Jun",48932
"1","A","AA","Weekday","Jun",42652
"1","A","AA","Weekday","Jun",38227
"1","A","AA","Weekend","Jun",67960
"1","A","AA","Weekend","Jun",64933
"1","A","AA","Weekday","Jun",48837
"1","A","AA","Weekday","Jun",59503
"1","A","AA","Weekday","Jun",56860
"1","A","AA","Weekday","Jun",50802
"1","A","AA","Weekday","Jun",51854
"1","A","AA","Weekend","Jun",66853
"1","A","AA","Weekend","Jun",57354
"1","A","AA","Weekday","Jun",45560
"1","A","AA","Weekday","Jun",54033
"1","A","AA","Weekday","Jun",58746
"1","A","AA","Weekday","Jun",48455
"1","A","AA","Weekday","Jun",51022
"1","A","AA","Weekend","Jun",60225
"1","A","AA","Weekend","Jun",56897
"1","A","AA","Weekday","Jun",46179
"1","A","AA","Weekday","Jun",43779
"1","A","AA","Weekday","Jun",62096
"1","A","AA","Weekday","Jun",57403
"1","A","AA","Weekday","Jun",51848
"1","A","AA","Weekend","Jun",57610
"1","A","AA","Weekend","Jul",68047
"1","A","AA","Weekday","Jul",55914
"1","A","AA","Weekday","Jul",43738
"1","A","AA","Weekday","Jul",60211
"1","A","AA","Weekday","Jul",52302
"1","A","AA","Weekday","Jul",62718
"1","A","AA","Weekend","Jul",62469
"1","A","AA","Weekend","Jul",73024
"1","A","AA","Weekday","Jul",59556
"1","A","AA","Weekday","Jul",59907
"1","A","AA","Weekday","Jul",53207
"1","A","AA","Weekday","Jul",49349
"1","A","AA","Weekday","Jul",56012
"1","A","AA","Weekend","Jul",67993
"1","A","AA","Weekend","Jul",61229
"1","A","AA","Weekday","Jul",59686
"1","A","AA","Weekday","Jul",48288
"1","A","AA","Weekday","Jul",58256
"1","A","AA","Weekday","Jul",67158
"1","A","AA","Weekday","Jul",57388
"1","A","AA","Weekend","Jul",75313
"1","A","AA","Weekend","Jul",61922
"1","A","AA","Weekday","Jul",51598
"1","A","AA","Weekday","Jul",50236
"1","A","AA","Weekday","Jul",57716
"1","A","AA","Weekday","Jul",51809
"1","A","AA","Weekday","Jul",56550
"1","A","AA","Weekend","Jul",66484
"1","A","AA","Weekend","Jul",72051
"1","A","AA","Weekday","Jul",60161
"1","A","AA","Weekday","Jul",66019
"1","A","AA","Weekday","Aug",38486
"1","A","AA","Weekday","Aug",40107
"1","A","AA","Weekday","Aug",53661
"1","A","AA","Weekend","Aug",62693
"1","A","AA","Weekend","Aug",60319
"1","A","AA","Weekday","Aug",45696
"1","A","AA","Weekday","Aug",44622
"1","A","AA","Weekday","Aug",47099
"1","A","AA","Weekday","Aug",46493
"1","A","AA","Weekday","Aug",50356
"1","A","AA","Weekend","Aug",61699
"1","A","AA","Weekend","Aug",62593
"1","A","AA","Weekday","Aug",45153
"1","A","AA","Weekday","Aug",61499
"1","A","AA","Weekday","Aug",36581
"1","A","AA","Weekday","Aug",41020
"1","A","AA","Weekday","Aug",49675
"1","A","AA","Weekend","Aug",52700
"1","A","AA","Weekend","Aug",53842
"1","A","AA","Weekday","Aug",28959
"1","A","AA","Weekday","Aug",42506
"1","A","AA","Weekday","Aug",57986
"1","A","AA","Weekday","Aug",48268
"1","A","AA","Weekday","Aug",53212
"1","A","AA","Weekend","Aug",52549
"1","A","AA","Weekend","Aug",49466
"1","A","AA","Weekday","Aug",53378
"1","A","AA","Weekday","Aug",45763
"1","A","AA","Weekday","Aug",54717
"1","A","AA","Weekday","Aug",49594
"1","A","AA","Weekday","Aug",46106
"1","A","AA","Weekend","Sep",64019
"1","A","AA","Weekend","Sep",68728
"1","A","AA","Weekday","Sep",48474
"1","A","AA","Weekday","Sep",50057
"1","A","AA","Weekday","Sep",50736
"1","A","AA","Weekday","Sep",45049
"1","A","AA","Weekday","Sep",45059
"1","A","AA","Weekend","Sep",70447
"1","A","AA","Weekend","Sep",59195
"1","A","AA","Weekday","Sep",55091
"1","A","AA","Weekday","Sep",55341
"1","A","AA","Weekday","Sep",55589
"1","A","AA","Weekday","Sep",53419
"1","A","AA","Weekday","Sep",28272
"1","A","AA","Weekend","Sep",68284
"1","A","AA","Weekend","Sep",61383
"1","A","AA","Weekday","Sep",50443
"1","A","AA","Weekday","Sep",53438
"1","A","AA","Weekday","Sep",58734
"1","A","AA","Weekday","Sep",48379
"1","A","AA","Weekday","Sep",56384
"1","A","AA","Weekend","Sep",65255
"1","A","AA","Weekend","Sep",49254
"1","A","AA","Weekday","Sep",48781
"1","A","AA","Weekday","Sep",43793
"1","A","AA","Weekday","Sep",48262
"1","A","AA","Weekday","Sep",51215
"1","A","AA","Weekday","Sep",53125
"1","A","AA","Weekend","Sep",69151
"1","A","AA","Weekend","Sep",48825
"1","A","AA","Weekday","Oct",64704
"1","A","AA","Weekday","Oct",46897
"1","A","AA","Weekday","Oct",47192
"1","A","AA","Weekday","Oct",48420
"1","A","AA","Weekday","Oct",58039
"1","A","AA","Weekend","Oct",62501
"1","A","AA","Weekend","Oct",62266
"1","A","AA","Weekday","Oct",49263
"1","A","AA","Weekday","Oct",60694
"1","A","AA","Weekday","Oct",59699
"1","A","AA","Weekday","Oct",53341
"1","A","AA","Weekday","Oct",44980
"1","A","AA","Weekend","Oct",62036
"1","A","AA","Weekend","Oct",65665
"1","A","AA","Weekday","Oct",60056
"1","A","AA","Weekday","Oct",52546
"1","A","AA","Weekday","Oct",51250
"1","A","AA","Weekday","Oct",45646
"1","A","AA","Weekday","Oct",55578
"1","A","AA","Weekend","Oct",61268
"1","A","AA","Weekend","Oct",55969
"1","A","AA","Weekday","Oct",59259
"1","A","AA","Weekday","Oct",52516
"1","A","AA","Weekday","Oct",48428
"1","A","AA","Weekday","Oct",64062
"1","A","AA","Weekday","Oct",48693
"1","A","AA","Weekend","Oct",73541
"1","A","AA","Weekend","Oct",63832
"1","A","AA","Weekday","Oct",50447
"1","A","AA","Weekday","Oct",60251
"1","A","AA","Weekday","Oct",41315
"1","A","AA","Weekday","Nov",70097
"1","A","AA","Weekday","Nov",62531
"1","A","AA","Weekend","Nov",59935
"1","A","AA","Weekend","Nov",73821
"1","A","AA","Weekday","Nov",47934
"1","A","AA","Weekday","Nov",72588
"1","A","AA","Weekday","Nov",63285
"1","A","AA","Weekday","Nov",54836
"1","A","AA","Weekday","Nov",60335
"1","A","AA","Weekend","Nov",69848
"1","A","AA","Weekend","Nov",46246
"1","A","AA","Weekday","Nov",50822
"1","A","AA","Weekday","Nov",38972
"1","A","AA","Weekday","Nov",61063
"1","A","AA","Weekday","Nov",44911
"1","A","AA","Weekday","Nov",50193
"1","A","AA","Weekend","Nov",51742
"1","A","AA","Weekend","Nov",68251
"1","A","AA","Weekday","Nov",53160
"1","A","AA","Weekday","Nov",43249
"1","A","AA","Weekday","Nov",49098
"1","A","AA","Weekday","Nov",50205
"1","A","AA","Weekday","Nov",52172
"1","A","AA","Weekend","Nov",61755
"1","A","AA","Weekend","Nov",55546
"1","A","AA","Weekday","Nov",53403
"1","A","AA","Weekday","Nov",44110
"1","A","AA","Weekday","Nov",38646
"1","A","AA","Weekday","Nov",38432
"1","A","AA","Weekday","Nov",54711
"1","A","AA","Weekend","Dec",52868
"1","A","AA","Weekend","Dec",59938
"1","A","AA","Weekday","Dec",48345
"1","A","AA","Weekday","Dec",52987
"1","A","AA","Weekday","Dec",59903
"1","A","AA","Weekday","Dec",50574
"1","A","AA","Weekday","Dec",49450
"1","A","AA","Weekend","Dec",63885
"1","A","AA","Weekend","Dec",61910
"1","A","AA","Weekday","Dec",59209
"1","A","AA","Weekday","Dec",43749
"1","A","AA","Weekday","Dec",55544
"1","A","AA","Weekday","Dec",50232
"1","A","AA","Weekday","Dec",52700
"1","A","AA","Weekend","Dec",63640
"1","A","AA","Weekend","Dec",63981
"1","A","AA","Weekday","Dec",58905
"1","A","AA","Weekday","Dec",47671
"1","A","AA","Weekday","Dec",57669
"1","A","AA","Weekday","Dec",55074
"1","A","AA","Weekday","Dec",56519
"1","A","AA","Weekend","Dec",61239
"1","A","AA","Weekend","Dec",58146
"1","A","AA","Weekday","Dec",49277
"1","A","AA","Weekday","Dec",37727
"1","A","AA","Weekday","Dec",50346
"1","A","AA","Weekday","Dec",54673
"1","A","AA","Weekday","Dec",61001
"1","A","AA","Weekend","Dec",77164
"1","A","AA","Weekend","Dec",74398
"1","A","AA","Weekday","Dec",68780
"2","B","AA","Weekday","Jan",32337
"2","B","AA","Weekday","Jan",28765
"2","B","AA","Weekday","Jan",24851
"2","B","AA","Weekday","Jan",25559
"2","B","AA","Weekday","Jan",27294
"2","B","AA","Weekend","Jan",28450
"2","B","AA","Weekend","Jan",24486
"2","B","AA","Weekday","Jan",23067
"2","B","AA","Weekday","Jan",25240
"2","B","AA","Weekday","Jan",27547
"2","B","AA","Weekday","Jan",26166
"2","B","AA","Weekday","Jan",24609
"2","B","AA","Weekend","Jan",28684
"2","B","AA","Weekend","Jan",29875
"2","B","AA","Weekday","Jan",28961
"2","B","AA","Weekday","Jan",26800
"2","B","AA","Weekday","Jan",28506
"2","B","AA","Weekday","Jan",29745
"2","B","AA","Weekday","Jan",30025
"2","B","AA","Weekend","Jan",29046
"2","B","AA","Weekend","Jan",26896
"2","B","AA","Weekday","Jan",23597
"2","B","AA","Weekday","Jan",25449
"2","B","AA","Weekday","Jan",26717
"2","B","AA","Weekday","Jan",22192
"2","B","AA","Weekday","Jan",25100
"2","B","AA","Weekend","Jan",32618
"2","B","AA","Weekend","Jan",30665
"2","B","AA","Weekday","Jan",28704
"2","B","AA","Weekday","Jan",27323
"2","B","AA","Weekday","Jan",27183
"2","B","AA","Weekday","Feb",25443
"2","B","AA","Weekday","Feb",24278
"2","B","AA","Weekend","Feb",26244
"2","B","AA","Weekend","Feb",23187
"2","B","AA","Weekday","Feb",24567
"2","B","AA","Weekday","Feb",23042
"2","B","AA","Weekday","Feb",22687
"2","B","AA","Weekday","Feb",22376
"2","B","AA","Weekday","Feb",19500
"2","B","AA","Weekend","Feb",26716
"2","B","AA","Weekend","Feb",26101
"2","B","AA","Weekday","Feb",26238
"2","B","AA","Weekday","Feb",25944
"2","B","AA","Weekday","Feb",23563
"2","B","AA","Weekday","Feb",24850
"2","B","AA","Weekday","Feb",23625
"2","B","AA","Weekend","Feb",27901
"2","B","AA","Weekend","Feb",26349
"2","B","AA","Weekday","Feb",26281
"2","B","AA","Weekday","Feb",24016
"2","B","AA","Weekday","Feb",24309
"2","B","AA","Weekday","Feb",20935
"2","B","AA","Weekday","Feb",26137
"2","B","AA","Weekend","Feb",24115
"2","B","AA","Weekend","Feb",27734
"2","B","AA","Weekday","Feb",24562
"2","B","AA","Weekday","Feb",23107
"2","B","AA","Weekday","Feb",31317
"2","B","AA","Weekday","Mar",25598
"2","B","AA","Weekday","Mar",24261
"2","B","AA","Weekend","Mar",31406
"2","B","AA","Weekend","Mar",25395
"2","B","AA","Weekday","Mar",24542
"2","B","AA","Weekday","Mar",25320
"2","B","AA","Weekday","Mar",25185
"2","B","AA","Weekday","Mar",23898
"2","B","AA","Weekday","Mar",22087
"2","B","AA","Weekend","Mar",25098
"2","B","AA","Weekend","Mar",25383
"2","B","AA","Weekday","Mar",24350
"2","B","AA","Weekday","Mar",23412
"2","B","AA","Weekday","Mar",21984
"2","B","AA","Weekday","Mar",22112
"2","B","AA","Weekday","Mar",23810
"2","B","AA","Weekend","Mar",23119
"2","B","AA","Weekend","Mar",30120
"2","B","AA","Weekday","Mar",20826
"2","B","AA","Weekday","Mar",23121
"2","B","AA","Weekday","Mar",22660
"2","B","AA","Weekday","Mar",28509
"2","B","AA","Weekday","Mar",23889
"2","B","AA","Weekend","Mar",25250
"2","B","AA","Weekend","Mar",24591
"2","B","AA","Weekday","Mar",23878
"2","B","AA","Weekday","Mar",24410
"2","B","AA","Weekday","Mar",26166
"2","B","AA","Weekday","Mar",25775
"2","B","AA","Weekday","Mar",21498
"2","B","AA","Weekend","Mar",26023
"2","B","AA","Weekend","Apr",29750
"2","B","AA","Weekday","Apr",27486
"2","B","AA","Weekday","Apr",26611
"2","B","AA","Weekday","Apr",28259
"2","B","AA","Weekday","Apr",22312
"2","B","AA","Weekday","Apr",23470
"2","B","AA","Weekend","Apr",28140
"2","B","AA","Weekend","Apr",25010
"2","B","AA","Weekday","Apr",19756
"2","B","AA","Weekday","Apr",22609
"2","B","AA","Weekday","Apr",22860
"2","B","AA","Weekday","Apr",24331
"2","B","AA","Weekday","Apr",22766
"2","B","AA","Weekend","Apr",23003
"2","B","AA","Weekend","Apr",29028
"2","B","AA","Weekday","Apr",26745
"2","B","AA","Weekday","Apr",24495
"2","B","AA","Weekday","Apr",25302
"2","B","AA","Weekday","Apr",25231
"2","B","AA","Weekday","Apr",21096
"2","B","AA","Weekend","Apr",22669
"2","B","AA","Weekend","Apr",27546
"2","B","AA","Weekday","Apr",24543
"2","B","AA","Weekday","Apr",26006
"2","B","AA","Weekday","Apr",22802
"2","B","AA","Weekday","Apr",23875
"2","B","AA","Weekday","Apr",25218
"2","B","AA","Weekend","Apr",25605
"2","B","AA","Weekend","Apr",28788
"2","B","AA","Weekday","Apr",27297
"2","B","AA","Weekday","May",20429
"2","B","AA","Weekday","May",22563
"2","B","AA","Weekday","May",24415
"2","B","AA","Weekday","May",24121
"2","B","AA","Weekend","May",20762
"2","B","AA","Weekend","May",27062
"2","B","AA","Weekday","May",24690
"2","B","AA","Weekday","May",21959
"2","B","AA","Weekday","May",23012
"2","B","AA","Weekday","May",26169
"2","B","AA","Weekday","May",22160
"2","B","AA","Weekend","May",24532
"2","B","AA","Weekend","May",25909
"2","B","AA","Weekday","May",22177
"2","B","AA","Weekday","May",22884
"2","B","AA","Weekday","May",23482
"2","B","AA","Weekday","May",26225
"2","B","AA","Weekday","May",25905
"2","B","AA","Weekend","May",27999
"2","B","AA","Weekend","May",25407
"2","B","AA","Weekday","May",23485
"2","B","AA","Weekday","May",20004
"2","B","AA","Weekday","May",25264
"2","B","AA","Weekday","May",23814
"2","B","AA","Weekday","May",27189
"2","B","AA","Weekend","May",27134
"2","B","AA","Weekend","May",26100
"2","B","AA","Weekday","May",21992
"2","B","AA","Weekday","May",23555
"2","B","AA","Weekday","May",21440
"2","B","AA","Weekday","May",26445
"2","B","AA","Weekday","Jun",29845
"2","B","AA","Weekend","Jun",30308
"2","B","AA","Weekend","Jun",39235
"2","B","AA","Weekday","Jun",37406
"2","B","AA","Weekday","Jun",32340
"2","B","AA","Weekday","Jun",34730
"2","B","AA","Weekday","Jun",34957
"2","B","AA","Weekday","Jun",31666
"2","B","AA","Weekend","Jun",37850
"2","B","AA","Weekend","Jun",35394
"2","B","AA","Weekday","Jun",19487
"2","B","AA","Weekday","Jun",22991
"2","B","AA","Weekday","Jun",24445
"2","B","AA","Weekday","Jun",25139
"2","B","AA","Weekday","Jun",23792
"2","B","AA","Weekend","Jun",24011
"2","B","AA","Weekend","Jun",22074
"2","B","AA","Weekday","Jun",24728
"2","B","AA","Weekday","Jun",22362
"2","B","AA","Weekday","Jun",23187
"2","B","AA","Weekday","Jun",24247
"2","B","AA","Weekday","Jun",23481
"2","B","AA","Weekend","Jun",24594
"2","B","AA","Weekend","Jun",24716
"2","B","AA","Weekday","Jun",22421
"2","B","AA","Weekday","Jun",20351
"2","B","AA","Weekday","Jun",28633
"2","B","AA","Weekday","Jun",23926
"2","B","AA","Weekday","Jun",23900
"2","B","AA","Weekend","Jun",23604
"2","B","AA","Weekend","Jul",32634
"2","B","AA","Weekday","Jul",27365
"2","B","AA","Weekday","Jul",26423
"2","B","AA","Weekday","Jul",28302
"2","B","AA","Weekday","Jul",31314
"2","B","AA","Weekday","Jul",27995
"2","B","AA","Weekend","Jul",29533
"2","B","AA","Weekend","Jul",28834
"2","B","AA","Weekday","Jul",28026
"2","B","AA","Weekday","Jul",25390
"2","B","AA","Weekday","Jul",28887
"2","B","AA","Weekday","Jul",26128
"2","B","AA","Weekday","Jul",25818
"2","B","AA","Weekend","Jul",29946
"2","B","AA","Weekend","Jul",26608
"2","B","AA","Weekday","Jul",29575
"2","B","AA","Weekday","Jul",30484
"2","B","AA","Weekday","Jul",23876
"2","B","AA","Weekday","Jul",26854
"2","B","AA","Weekday","Jul",32706
"2","B","AA","Weekend","Jul",26384
"2","B","AA","Weekend","Jul",29362
"2","B","AA","Weekday","Jul",21574
"2","B","AA","Weekday","Jul",27044
"2","B","AA","Weekday","Jul",28047
"2","B","AA","Weekday","Jul",25854
"2","B","AA","Weekday","Jul",30517
"2","B","AA","Weekend","Jul",30348
"2","B","AA","Weekend","Jul",25820
"2","B","AA","Weekday","Jul",29749
"2","B","AA","Weekday","Jul",27156
"2","B","AA","Weekday","Aug",21406
"2","B","AA","Weekday","Aug",22252
"2","B","AA","Weekday","Aug",21706
"2","B","AA","Weekend","Aug",21072
"2","B","AA","Weekend","Aug",24419
"2","B","AA","Weekday","Aug",22814
"2","B","AA","Weekday","Aug",24746
"2","B","AA","Weekday","Aug",22131
"2","B","AA","Weekday","Aug",24526
"2","B","AA","Weekday","Aug",24065
"2","B","AA","Weekend","Aug",24575
"2","B","AA","Weekend","Aug",24629
"2","B","AA","Weekday","Aug",21282
"2","B","AA","Weekday","Aug",25639
"2","B","AA","Weekday","Aug",22703
"2","B","AA","Weekday","Aug",23552
"2","B","AA","Weekday","Aug",22221
"2","B","AA","Weekend","Aug",25601
"2","B","AA","Weekend","Aug",28748
"2","B","AA","Weekday","Aug",26493
"2","B","AA","Weekday","Aug",25110
"2","B","AA","Weekday","Aug",27517
"2","B","AA","Weekday","Aug",22831
"2","B","AA","Weekday","Aug",22566
"2","B","AA","Weekend","Aug",25404
"2","B","AA","Weekend","Aug",24098
"2","B","AA","Weekday","Aug",23962
"2","B","AA","Weekday","Aug",21158
"2","B","AA","Weekday","Aug",25836
"2","B","AA","Weekday","Aug",19984
"2","B","AA","Weekday","Aug",22919
"2","B","AA","Weekend","Sep",22483
"2","B","AA","Weekend","Sep",26546
"2","B","AA","Weekday","Sep",22293
"2","B","AA","Weekday","Sep",22949
"2","B","AA","Weekday","Sep",24854
"2","B","AA","Weekday","Sep",24317
"2","B","AA","Weekday","Sep",26023
"2","B","AA","Weekend","Sep",28818
"2","B","AA","Weekend","Sep",26160
"2","B","AA","Weekday","Sep",29793
"2","B","AA","Weekday","Sep",26905
"2","B","AA","Weekday","Sep",21795
"2","B","AA","Weekday","Sep",24799
"2","B","AA","Weekday","Sep",25770
"2","B","AA","Weekend","Sep",26856
"2","B","AA","Weekend","Sep",28699
"2","B","AA","Weekday","Sep",27427
"2","B","AA","Weekday","Sep",24679
"2","B","AA","Weekday","Sep",27966
"2","B","AA","Weekday","Sep",24514
"2","B","AA","Weekday","Sep",27975
"2","B","AA","Weekend","Sep",26587
"2","B","AA","Weekend","Sep",25963
"2","B","AA","Weekday","Sep",23326
"2","B","AA","Weekday","Sep",21338
"2","B","AA","Weekday","Sep",22701
"2","B","AA","Weekday","Sep",25597
"2","B","AA","Weekday","Sep",21313
"2","B","AA","Weekend","Sep",20934
"2","B","AA","Weekend","Sep",27121
"2","B","AA","Weekday","Oct",23372
"2","B","AA","Weekday","Oct",21329
"2","B","AA","Weekday","Oct",26131
"2","B","AA","Weekday","Oct",26841
"2","B","AA","Weekday","Oct",23414
"2","B","AA","Weekend","Oct",27379
"2","B","AA","Weekend","Oct",24961
"2","B","AA","Weekday","Oct",25977
"2","B","AA","Weekday","Oct",28766
"2","B","AA","Weekday","Oct",26189
"2","B","AA","Weekday","Oct",28209
"2","B","AA","Weekday","Oct",28188
"2","B","AA","Weekend","Oct",27950
"2","B","AA","Weekend","Oct",28567
"2","B","AA","Weekday","Oct",23826
"2","B","AA","Weekday","Oct",25907
"2","B","AA","Weekday","Oct",23359
"2","B","AA","Weekday","Oct",24314
"2","B","AA","Weekday","Oct",24812
"2","B","AA","Weekend","Oct",28031
"2","B","AA","Weekend","Oct",23354
"2","B","AA","Weekday","Oct",26162
"2","B","AA","Weekday","Oct",26016
"2","B","AA","Weekday","Oct",24428
"2","B","AA","Weekday","Oct",21797
"2","B","AA","Weekday","Oct",21879
"2","B","AA","Weekend","Oct",29289
"2","B","AA","Weekend","Oct",25854
"2","B","AA","Weekday","Oct",24048
"2","B","AA","Weekday","Oct",26479
"2","B","AA","Weekday","Oct",25469
"2","B","AA","Weekday","Nov",30279
"2","B","AA","Weekday","Nov",31485
"2","B","AA","Weekend","Nov",36103
"2","B","AA","Weekend","Nov",32404
"2","B","AA","Weekday","Nov",33291
"2","B","AA","Weekday","Nov",35164
"2","B","AA","Weekday","Nov",34910
"2","B","AA","Weekday","Nov",32834
"2","B","AA","Weekday","Nov",33167
"2","B","AA","Weekend","Nov",31933
"2","B","AA","Weekend","Nov",23301
"2","B","AA","Weekday","Nov",20541
"2","B","AA","Weekday","Nov",23058
"2","B","AA","Weekday","Nov",25067
"2","B","AA","Weekday","Nov",24661
"2","B","AA","Weekday","Nov",23839
"2","B","AA","Weekend","Nov",22563
"2","B","AA","Weekend","Nov",29719
"2","B","AA","Weekday","Nov",25608
"2","B","AA","Weekday","Nov",22550
"2","B","AA","Weekday","Nov",18027
"2","B","AA","Weekday","Nov",22044
"2","B","AA","Weekday","Nov",22304
"2","B","AA","Weekend","Nov",25398
"2","B","AA","Weekend","Nov",26917
"2","B","AA","Weekday","Nov",22214
"2","B","AA","Weekday","Nov",24566
"2","B","AA","Weekday","Nov",20259
"2","B","AA","Weekday","Nov",25264
"2","B","AA","Weekday","Nov",26412
"2","B","AA","Weekend","Dec",23778
"2","B","AA","Weekend","Dec",22731
"2","B","AA","Weekday","Dec",24957
"2","B","AA","Weekday","Dec",21663
"2","B","AA","Weekday","Dec",21918
"2","B","AA","Weekday","Dec",31320
"2","B","AA","Weekday","Dec",24443
"2","B","AA","Weekend","Dec",29715
"2","B","AA","Weekend","Dec",30203
"2","B","AA","Weekday","Dec",30256
"2","B","AA","Weekday","Dec",21484
"2","B","AA","Weekday","Dec",23163
"2","B","AA","Weekday","Dec",25462
"2","B","AA","Weekday","Dec",26170
"2","B","AA","Weekend","Dec",27200
"2","B","AA","Weekend","Dec",25376
"2","B","AA","Weekday","Dec",25941
"2","B","AA","Weekday","Dec",22218
"2","B","AA","Weekday","Dec",19649
"2","B","AA","Weekday","Dec",24542
"2","B","AA","Weekday","Dec",30671
"2","B","AA","Weekend","Dec",36779
"2","B","AA","Weekend","Dec",34231
"2","B","AA","Weekday","Dec",32397
"2","B","AA","Weekday","Dec",35905
"2","B","AA","Weekday","Dec",32056
"2","B","AA","Weekday","Dec",34876
"2","B","AA","Weekday","Dec",33429
"2","B","AA","Weekend","Dec",40518
"2","B","AA","Weekend","Dec",41366
"2","B","AA","Weekday","Dec",36789
"3","B","BB","Weekday","Jan",22650
"3","B","BB","Weekday","Jan",23070
"3","B","BB","Weekday","Jan",21741
"3","B","BB","Weekday","Jan",22788
"3","B","BB","Weekday","Jan",19876
"3","B","BB","Weekend","Jan",23799
"3","B","BB","Weekend","Jan",16098
"3","B","BB","Weekday","Jan",21524
"3","B","BB","Weekday","Jan",22723
"3","B","BB","Weekday","Jan",24270
"3","B","BB","Weekday","Jan",22653
"3","B","BB","Weekday","Jan",22154
"3","B","BB","Weekend","Jan",20338
"3","B","BB","Weekend","Jan",21278
"3","B","BB","Weekday","Jan",21822
"3","B","BB","Weekday","Jan",21550
"3","B","BB","Weekday","Jan",23258
"3","B","BB","Weekday","Jan",22885
"3","B","BB","Weekday","Jan",22546
"3","B","BB","Weekend","Jan",24554
"3","B","BB","Weekend","Jan",20367
"3","B","BB","Weekday","Jan",23262
"3","B","BB","Weekday","Jan",22811
"3","B","BB","Weekday","Jan",21716
"3","B","BB","Weekday","Jan",24291
"3","B","BB","Weekday","Jan",27120
"3","B","BB","Weekend","Jan",23849
"3","B","BB","Weekend","Jan",16652
"3","B","BB","Weekday","Jan",20896
"3","B","BB","Weekday","Jan",25691
"3","B","BB","Weekday","Jan",22509
"3","B","BB","Weekday","Feb",23603
"3","B","BB","Weekday","Feb",18810
"3","B","BB","Weekend","Feb",16507
"3","B","BB","Weekend","Feb",19051
"3","B","BB","Weekday","Feb",19432
"3","B","BB","Weekday","Feb",20878
"3","B","BB","Weekday","Feb",19281
"3","B","BB","Weekday","Feb",18367
"3","B","BB","Weekday","Feb",19726
"3","B","BB","Weekend","Feb",16328
"3","B","BB","Weekend","Feb",17133
"3","B","BB","Weekday","Feb",18614
"3","B","BB","Weekday","Feb",20392
"3","B","BB","Weekday","Feb",21991
"3","B","BB","Weekday","Feb",20930
"3","B","BB","Weekday","Feb",19660
"3","B","BB","Weekend","Feb",17303
"3","B","BB","Weekend","Feb",17271
"3","B","BB","Weekday","Feb",18413
"3","B","BB","Weekday","Feb",22273
"3","B","BB","Weekday","Feb",22350
"3","B","BB","Weekday","Feb",24467
"3","B","BB","Weekday","Feb",19023
"3","B","BB","Weekend","Feb",19263
"3","B","BB","Weekend","Feb",20579
"3","B","BB","Weekday","Feb",19922
"3","B","BB","Weekday","Feb",18846
"3","B","BB","Weekday","Feb",17979
"3","B","BB","Weekday","Mar",19428
"3","B","BB","Weekday","Mar",25091
"3","B","BB","Weekend","Mar",20701
"3","B","BB","Weekend","Mar",15599
"3","B","BB","Weekday","Mar",18350
"3","B","BB","Weekday","Mar",17983
"3","B","BB","Weekday","Mar",17223
"3","B","BB","Weekday","Mar",18757
"3","B","BB","Weekday","Mar",19508
"3","B","BB","Weekend","Mar",16668
"3","B","BB","Weekend","Mar",18082
"3","B","BB","Weekday","Mar",19100
"3","B","BB","Weekday","Mar",21915
"3","B","BB","Weekday","Mar",20897
"3","B","BB","Weekday","Mar",18866
"3","B","BB","Weekday","Mar",18528
"3","B","BB","Weekend","Mar",15817
"3","B","BB","Weekend","Mar",16624
"3","B","BB","Weekday","Mar",18513
"3","B","BB","Weekday","Mar",19008
"3","B","BB","Weekday","Mar",17096
"3","B","BB","Weekday","Mar",20536
"3","B","BB","Weekday","Mar",23026
"3","B","BB","Weekend","Mar",17981
"3","B","BB","Weekend","Mar",20322
"3","B","BB","Weekday","Mar",20549
"3","B","BB","Weekday","Mar",22502
"3","B","BB","Weekday","Mar",19871
"3","B","BB","Weekday","Mar",19437
"3","B","BB","Weekday","Mar",20082
"3","B","BB","Weekend","Mar",20586
"3","B","BB","Weekend","Apr",19139
"3","B","BB","Weekday","Apr",24410
"3","B","BB","Weekday","Apr",19404
"3","B","BB","Weekday","Apr",22150
"3","B","BB","Weekday","Apr",16650
"3","B","BB","Weekday","Apr",20484
"3","B","BB","Weekend","Apr",19233
"3","B","BB","Weekend","Apr",19568
"3","B","BB","Weekday","Apr",21221
"3","B","BB","Weekday","Apr",12711
"3","B","BB","Weekday","Apr",22462
"3","B","BB","Weekday","Apr",16486
"3","B","BB","Weekday","Apr",22469
"3","B","BB","Weekend","Apr",17301
"3","B","BB","Weekend","Apr",16421
"3","B","BB","Weekday","Apr",19736
"3","B","BB","Weekday","Apr",21743
"3","B","BB","Weekday","Apr",22738
"3","B","BB","Weekday","Apr",16025
"3","B","BB","Weekday","Apr",15157
"3","B","BB","Weekend","Apr",20513
"3","B","BB","Weekend","Apr",15358
"3","B","BB","Weekday","Apr",19404
"3","B","BB","Weekday","Apr",16342
"3","B","BB","Weekday","Apr",20310
"3","B","BB","Weekday","Apr",16914
"3","B","BB","Weekday","Apr",15809
"3","B","BB","Weekend","Apr",16601
"3","B","BB","Weekend","Apr",16756
"3","B","BB","Weekday","Apr",22435
"3","B","BB","Weekday","May",17269
"3","B","BB","Weekday","May",20624
"3","B","BB","Weekday","May",21402
"3","B","BB","Weekday","May",19320
"3","B","BB","Weekend","May",18254
"3","B","BB","Weekend","May",19145
"3","B","BB","Weekday","May",19583
"3","B","BB","Weekday","May",16234
"3","B","BB","Weekday","May",20021
"3","B","BB","Weekday","May",22927
"3","B","BB","Weekday","May",17270
"3","B","BB","Weekend","May",21071
"3","B","BB","Weekend","May",18606
"3","B","BB","Weekday","May",19498
"3","B","BB","Weekday","May",19130
"3","B","BB","Weekday","May",18780
"3","B","BB","Weekday","May",25286
"3","B","BB","Weekday","May",20532
"3","B","BB","Weekend","May",13798
"3","B","BB","Weekend","May",15749
"3","B","BB","Weekday","May",21442
"3","B","BB","Weekday","May",20140
"3","B","BB","Weekday","May",20108
"3","B","BB","Weekday","May",19766
"3","B","BB","Weekday","May",19658
"3","B","BB","Weekend","May",15022
"3","B","BB","Weekend","May",19432
"3","B","BB","Weekday","May",20745
"3","B","BB","Weekday","May",17661
"3","B","BB","Weekday","May",20158
"3","B","BB","Weekday","May",22623
"3","B","BB","Weekday","Jun",23742
"3","B","BB","Weekend","Jun",18375
"3","B","BB","Weekend","Jun",18135
"3","B","BB","Weekday","Jun",20301
"3","B","BB","Weekday","Jun",22578
"3","B","BB","Weekday","Jun",19769
"3","B","BB","Weekday","Jun",18589
"3","B","BB","Weekday","Jun",19658
"3","B","BB","Weekend","Jun",16492
"3","B","BB","Weekend","Jun",17585
"3","B","BB","Weekday","Jun",19775
"3","B","BB","Weekday","Jun",19434
"3","B","BB","Weekday","Jun",19616
"3","B","BB","Weekday","Jun",20248
"3","B","BB","Weekday","Jun",21790
"3","B","BB","Weekend","Jun",18977
"3","B","BB","Weekend","Jun",19479
"3","B","BB","Weekday","Jun",21292
"3","B","BB","Weekday","Jun",18739
"3","B","BB","Weekday","Jun",18425
"3","B","BB","Weekday","Jun",22487
"3","B","BB","Weekday","Jun",18781
"3","B","BB","Weekend","Jun",19670
"3","B","BB","Weekend","Jun",18035
"3","B","BB","Weekday","Jun",19302
"3","B","BB","Weekday","Jun",19764
"3","B","BB","Weekday","Jun",18790
"3","B","BB","Weekday","Jun",21001
"3","B","BB","Weekday","Jun",24909
"3","B","BB","Weekend","Jun",19505
"3","B","BB","Weekend","Jul",22511
"3","B","BB","Weekday","Jul",24112
"3","B","BB","Weekday","Jul",26144
"3","B","BB","Weekday","Jul",23692
"3","B","BB","Weekday","Jul",25863
"3","B","BB","Weekday","Jul",21993
"3","B","BB","Weekend","Jul",20943
"3","B","BB","Weekend","Jul",21316
"3","B","BB","Weekday","Jul",23049
"3","B","BB","Weekday","Jul",20058
"3","B","BB","Weekday","Jul",23186
"3","B","BB","Weekday","Jul",21562
"3","B","BB","Weekday","Jul",24115
"3","B","BB","Weekend","Jul",15879
"3","B","BB","Weekend","Jul",22578
"3","B","BB","Weekday","Jul",28087
"3","B","BB","Weekday","Jul",27284
"3","B","BB","Weekday","Jul",21812
"3","B","BB","Weekday","Jul",25197
"3","B","BB","Weekday","Jul",26447
"3","B","BB","Weekend","Jul",20058
"3","B","BB","Weekend","Jul",19874
"3","B","BB","Weekday","Jul",24998
"3","B","BB","Weekday","Jul",22672
"3","B","BB","Weekday","Jul",20398
"3","B","BB","Weekday","Jul",21346
"3","B","BB","Weekday","Jul",23264
"3","B","BB","Weekend","Jul",22650
"3","B","BB","Weekend","Jul",21225
"3","B","BB","Weekday","Jul",24061
"3","B","BB","Weekday","Jul",20874
"3","B","BB","Weekday","Aug",21085
"3","B","BB","Weekday","Aug",18268
"3","B","BB","Weekday","Aug",21343
"3","B","BB","Weekend","Aug",17145
"3","B","BB","Weekend","Aug",18032
"3","B","BB","Weekday","Aug",17450
"3","B","BB","Weekday","Aug",20905
"3","B","BB","Weekday","Aug",16080
"3","B","BB","Weekday","Aug",23225
"3","B","BB","Weekday","Aug",17611
"3","B","BB","Weekend","Aug",17159
"3","B","BB","Weekend","Aug",17850
"3","B","BB","Weekday","Aug",13909
"3","B","BB","Weekday","Aug",18591
"3","B","BB","Weekday","Aug",18339
"3","B","BB","Weekday","Aug",16782
"3","B","BB","Weekday","Aug",20252
"3","B","BB","Weekend","Aug",18101
"3","B","BB","Weekend","Aug",15550
"3","B","BB","Weekday","Aug",17128
"3","B","BB","Weekday","Aug",22644
"3","B","BB","Weekday","Aug",19695
"3","B","BB","Weekday","Aug",20580
"3","B","BB","Weekday","Aug",20474
"3","B","BB","Weekend","Aug",14219
"3","B","BB","Weekend","Aug",16562
"3","B","BB","Weekday","Aug",20350
"3","B","BB","Weekday","Aug",18742
"3","B","BB","Weekday","Aug",20420
"3","B","BB","Weekday","Aug",19664
"3","B","BB","Weekday","Aug",19962
"3","B","BB","Weekend","Sep",18379
"3","B","BB","Weekend","Sep",16798
"3","B","BB","Weekday","Sep",19028
"3","B","BB","Weekday","Sep",21775
"3","B","BB","Weekday","Sep",17425
"3","B","BB","Weekday","Sep",20020
"3","B","BB","Weekday","Sep",16401
"3","B","BB","Weekend","Sep",20008
"3","B","BB","Weekend","Sep",19377
"3","B","BB","Weekday","Sep",20025
"3","B","BB","Weekday","Sep",21258
"3","B","BB","Weekday","Sep",20609
"3","B","BB","Weekday","Sep",20114
"3","B","BB","Weekday","Sep",19575
"3","B","BB","Weekend","Sep",17146
"3","B","BB","Weekend","Sep",19264
"3","B","BB","Weekday","Sep",26318
"3","B","BB","Weekday","Sep",21588
"3","B","BB","Weekday","Sep",22147
"3","B","BB","Weekday","Sep",23290
"3","B","BB","Weekday","Sep",21299
"3","B","BB","Weekend","Sep",18727
"3","B","BB","Weekend","Sep",18238
"3","B","BB","Weekday","Sep",21143
"3","B","BB","Weekday","Sep",20513
"3","B","BB","Weekday","Sep",20829
"3","B","BB","Weekday","Sep",22064
"3","B","BB","Weekday","Sep",21134
"3","B","BB","Weekend","Sep",20635
"3","B","BB","Weekend","Sep",21426
"3","B","BB","Weekday","Oct",20164
"3","B","BB","Weekday","Oct",21120
"3","B","BB","Weekday","Oct",19603
"3","B","BB","Weekday","Oct",19893
"3","B","BB","Weekday","Oct",24267
"3","B","BB","Weekend","Oct",18698
"3","B","BB","Weekend","Oct",17001
"3","B","BB","Weekday","Oct",18714
"3","B","BB","Weekday","Oct",22079
"3","B","BB","Weekday","Oct",21433
"3","B","BB","Weekday","Oct",22461
"3","B","BB","Weekday","Oct",23426
"3","B","BB","Weekend","Oct",26332
"3","B","BB","Weekend","Oct",15221
"3","B","BB","Weekday","Oct",20896
"3","B","BB","Weekday","Oct",18304
"3","B","BB","Weekday","Oct",22231
"3","B","BB","Weekday","Oct",20188
"3","B","BB","Weekday","Oct",20728
"3","B","BB","Weekend","Oct",17884
"3","B","BB","Weekend","Oct",14614
"3","B","BB","Weekday","Oct",22335
"3","B","BB","Weekday","Oct",19222
"3","B","BB","Weekday","Oct",18275
"3","B","BB","Weekday","Oct",21414
"3","B","BB","Weekday","Oct",23265
"3","B","BB","Weekend","Oct",20435
"3","B","BB","Weekend","Oct",20492
"3","B","BB","Weekday","Oct",21036
"3","B","BB","Weekday","Oct",19226
"3","B","BB","Weekday","Oct",20204
"3","B","BB","Weekday","Nov",19129
"3","B","BB","Weekday","Nov",20532
"3","B","BB","Weekend","Nov",18615
"3","B","BB","Weekend","Nov",20074
"3","B","BB","Weekday","Nov",22097
"3","B","BB","Weekday","Nov",18574
"3","B","BB","Weekday","Nov",20417
"3","B","BB","Weekday","Nov",20625
"3","B","BB","Weekday","Nov",21040
"3","B","BB","Weekend","Nov",22517
"3","B","BB","Weekend","Nov",15428
"3","B","BB","Weekday","Nov",19979
"3","B","BB","Weekday","Nov",19337
"3","B","BB","Weekday","Nov",17457
"3","B","BB","Weekday","Nov",19589
"3","B","BB","Weekday","Nov",20585
"3","B","BB","Weekend","Nov",16020
"3","B","BB","Weekend","Nov",15983
"3","B","BB","Weekday","Nov",19838
"3","B","BB","Weekday","Nov",18121
"3","B","BB","Weekday","Nov",19562
"3","B","BB","Weekday","Nov",18976
"3","B","BB","Weekday","Nov",19304
"3","B","BB","Weekend","Nov",19439
"3","B","BB","Weekend","Nov",16208
"3","B","BB","Weekday","Nov",15452
"3","B","BB","Weekday","Nov",22592
"3","B","BB","Weekday","Nov",20637
"3","B","BB","Weekday","Nov",19283
"3","B","BB","Weekday","Nov",24313
"3","B","BB","Weekend","Dec",20656
"3","B","BB","Weekend","Dec",16302
"3","B","BB","Weekday","Dec",22230
"3","B","BB","Weekday","Dec",21899
"3","B","BB","Weekday","Dec",21778
"3","B","BB","Weekday","Dec",19022
"3","B","BB","Weekday","Dec",22729
"3","B","BB","Weekend","Dec",16221
"3","B","BB","Weekend","Dec",19679
"3","B","BB","Weekday","Dec",18786
"3","B","BB","Weekday","Dec",22416
"3","B","BB","Weekday","Dec",20133
"3","B","BB","Weekday","Dec",20089
"3","B","BB","Weekday","Dec",20977
"3","B","BB","Weekend","Dec",19774
"3","B","BB","Weekend","Dec",14808
"3","B","BB","Weekday","Dec",20145
"3","B","BB","Weekday","Dec",23671
"3","B","BB","Weekday","Dec",21491
"3","B","BB","Weekday","Dec",20229
"3","B","BB","Weekday","Dec",22517
"3","B","BB","Weekend","Dec",20850
"3","B","BB","Weekend","Dec",19868
"3","B","BB","Weekday","Dec",22164
"3","B","BB","Weekday","Dec",21419
"3","B","BB","Weekday","Dec",19369
"3","B","BB","Weekday","Dec",20004
"3","B","BB","Weekday","Dec",23828
"3","B","BB","Weekend","Dec",18877
"3","B","BB","Weekend","Dec",21869
"3","B","BB","Weekday","Dec",23554
"4","A","BB","Weekday","Jan",40020
"4","A","BB","Weekday","Jan",40180
"4","A","BB","Weekday","Jan",32083
"4","A","BB","Weekday","Jan",27318
"4","A","BB","Weekday","Jan",28929
"4","A","BB","Weekend","Jan",40036
"4","A","BB","Weekend","Jan",40680
"4","A","BB","Weekday","Jan",30244
"4","A","BB","Weekday","Jan",29790
"4","A","BB","Weekday","Jan",29380
"4","A","BB","Weekday","Jan",29098
"4","A","BB","Weekday","Jan",31902
"4","A","BB","Weekend","Jan",38735
"4","A","BB","Weekend","Jan",37786
"4","A","BB","Weekday","Jan",31405
"4","A","BB","Weekday","Jan",29583
"4","A","BB","Weekday","Jan",31854
"4","A","BB","Weekday","Jan",29250
"4","A","BB","Weekday","Jan",33704
"4","A","BB","Weekend","Jan",37399
"4","A","BB","Weekend","Jan",39074
"4","A","BB","Weekday","Jan",34212
"4","A","BB","Weekday","Jan",31765
"4","A","BB","Weekday","Jan",30076
"4","A","BB","Weekday","Jan",28708
"4","A","BB","Weekday","Jan",31798
"4","A","BB","Weekend","Jan",36114
"4","A","BB","Weekend","Jan",40189
"4","A","BB","Weekday","Jan",30616
"4","A","BB","Weekday","Jan",29531
"4","A","BB","Weekday","Jan",29731
"4","A","BB","Weekday","Feb",27656
"4","A","BB","Weekday","Feb",25665
"4","A","BB","Weekend","Feb",35793
"4","A","BB","Weekend","Feb",37190
"4","A","BB","Weekday","Feb",28003
"4","A","BB","Weekday","Feb",27414
"4","A","BB","Weekday","Feb",30377
"4","A","BB","Weekday","Feb",29519
"4","A","BB","Weekday","Feb",26190
"4","A","BB","Weekend","Feb",34741
"4","A","BB","Weekend","Feb",36610
"4","A","BB","Weekday","Feb",29127
"4","A","BB","Weekday","Feb",30687
"4","A","BB","Weekday","Feb",29613
"4","A","BB","Weekday","Feb",25018
"4","A","BB","Weekday","Feb",29926
"4","A","BB","Weekend","Feb",36501
"4","A","BB","Weekend","Feb",38405
"4","A","BB","Weekday","Feb",27196
"4","A","BB","Weekday","Feb",28052
"4","A","BB","Weekday","Feb",28596
"4","A","BB","Weekday","Feb",28224
"4","A","BB","Weekday","Feb",26609
"4","A","BB","Weekend","Feb",36742
"4","A","BB","Weekend","Feb",36531
"4","A","BB","Weekday","Feb",28793
"4","A","BB","Weekday","Feb",31783
"4","A","BB","Weekday","Feb",35271
"4","A","BB","Weekday","Mar",32874
"4","A","BB","Weekday","Mar",33907
"4","A","BB","Weekend","Mar",40822
"4","A","BB","Weekend","Mar",30734
"4","A","BB","Weekday","Mar",28384
"4","A","BB","Weekday","Mar",24261
"4","A","BB","Weekday","Mar",24549
"4","A","BB","Weekday","Mar",30911
"4","A","BB","Weekday","Mar",27187
"4","A","BB","Weekend","Mar",37435
"4","A","BB","Weekend","Mar",37500
"4","A","BB","Weekday","Mar",25805
"4","A","BB","Weekday","Mar",27747
"4","A","BB","Weekday","Mar",27911
"4","A","BB","Weekday","Mar",27557
"4","A","BB","Weekday","Mar",29192
"4","A","BB","Weekend","Mar",30710
"4","A","BB","Weekend","Mar",35479
"4","A","BB","Weekday","Mar",26113
"4","A","BB","Weekday","Mar",27522
"4","A","BB","Weekday","Mar",27671
"4","A","BB","Weekday","Mar",28368
"4","A","BB","Weekday","Mar",27440
"4","A","BB","Weekend","Mar",36237
"4","A","BB","Weekend","Mar",35577
"4","A","BB","Weekday","Mar",26416
"4","A","BB","Weekday","Mar",25402
"4","A","BB","Weekday","Mar",26586
"4","A","BB","Weekday","Mar",29595
"4","A","BB","Weekday","Mar",29068
"4","A","BB","Weekend","Mar",36704
"4","A","BB","Weekend","Apr",41340
"4","A","BB","Weekday","Apr",34134
"4","A","BB","Weekday","Apr",35138
"4","A","BB","Weekday","Apr",32364
"4","A","BB","Weekday","Apr",28011
"4","A","BB","Weekday","Apr",28197
"4","A","BB","Weekend","Apr",38991
"4","A","BB","Weekend","Apr",35464
"4","A","BB","Weekday","Apr",28531
"4","A","BB","Weekday","Apr",28068
"4","A","BB","Weekday","Apr",28127
"4","A","BB","Weekday","Apr",25266
"4","A","BB","Weekday","Apr",28972
"4","A","BB","Weekend","Apr",36976
"4","A","BB","Weekend","Apr",34346
"4","A","BB","Weekday","Apr",30879
"4","A","BB","Weekday","Apr",28636
"4","A","BB","Weekday","Apr",29163
"4","A","BB","Weekday","Apr",27028
"4","A","BB","Weekday","Apr",27874
"4","A","BB","Weekend","Apr",36100
"4","A","BB","Weekend","Apr",34644
"4","A","BB","Weekday","Apr",25654
"4","A","BB","Weekday","Apr",29195
"4","A","BB","Weekday","Apr",26583
"4","A","BB","Weekday","Apr",24552
"4","A","BB","Weekday","Apr",27647
"4","A","BB","Weekend","Apr",36868
"4","A","BB","Weekend","Apr",34978
"4","A","BB","Weekday","Apr",26341
"4","A","BB","Weekday","May",27575
"4","A","BB","Weekday","May",27279
"4","A","BB","Weekday","May",27554
"4","A","BB","Weekday","May",25450
"4","A","BB","Weekend","May",33661
"4","A","BB","Weekend","May",34134
"4","A","BB","Weekday","May",25938
"4","A","BB","Weekday","May",27746
"4","A","BB","Weekday","May",28732
"4","A","BB","Weekday","May",30230
"4","A","BB","Weekday","May",27645
"4","A","BB","Weekend","May",35126
"4","A","BB","Weekend","May",34806
"4","A","BB","Weekday","May",28166
"4","A","BB","Weekday","May",29058
"4","A","BB","Weekday","May",29565
"4","A","BB","Weekday","May",28001
"4","A","BB","Weekday","May",27315
"4","A","BB","Weekend","May",32411
"4","A","BB","Weekend","May",32433
"4","A","BB","Weekday","May",24468
"4","A","BB","Weekday","May",29776
"4","A","BB","Weekday","May",27504
"4","A","BB","Weekday","May",28110
"4","A","BB","Weekday","May",25768
"4","A","BB","Weekend","May",35657
"4","A","BB","Weekend","May",38793
"4","A","BB","Weekday","May",26521
"4","A","BB","Weekday","May",29203
"4","A","BB","Weekday","May",28176
"4","A","BB","Weekday","May",30032
"4","A","BB","Weekday","Jun",27149
"4","A","BB","Weekend","Jun",35279
"4","A","BB","Weekend","Jun",34993
"4","A","BB","Weekday","Jun",28608
"4","A","BB","Weekday","Jun",31166
"4","A","BB","Weekday","Jun",29714
"4","A","BB","Weekday","Jun",28323
"4","A","BB","Weekday","Jun",28817
"4","A","BB","Weekend","Jun",35646
"4","A","BB","Weekend","Jun",37926
"4","A","BB","Weekday","Jun",29843
"4","A","BB","Weekday","Jun",28451
"4","A","BB","Weekday","Jun",30262
"4","A","BB","Weekday","Jun",30663
"4","A","BB","Weekday","Jun",28215
"4","A","BB","Weekend","Jun",34877
"4","A","BB","Weekend","Jun",37309
"4","A","BB","Weekday","Jun",29146
"4","A","BB","Weekday","Jun",27606
"4","A","BB","Weekday","Jun",28021
"4","A","BB","Weekday","Jun",26892
"4","A","BB","Weekday","Jun",32233
"4","A","BB","Weekend","Jun",36309
"4","A","BB","Weekend","Jun",38505
"4","A","BB","Weekday","Jun",29103
"4","A","BB","Weekday","Jun",28633
"4","A","BB","Weekday","Jun",28409
"4","A","BB","Weekday","Jun",28064
"4","A","BB","Weekday","Jun",29965
"4","A","BB","Weekend","Jun",33507
"4","A","BB","Weekend","Jul",38513
"4","A","BB","Weekday","Jul",30188
"4","A","BB","Weekday","Jul",33696
"4","A","BB","Weekday","Jul",30095
"4","A","BB","Weekday","Jul",30049
"4","A","BB","Weekday","Jul",32165
"4","A","BB","Weekend","Jul",39026
"4","A","BB","Weekend","Jul",40749
"4","A","BB","Weekday","Jul",29779
"4","A","BB","Weekday","Jul",28892
"4","A","BB","Weekday","Jul",32510
"4","A","BB","Weekday","Jul",32157
"4","A","BB","Weekday","Jul",31944
"4","A","BB","Weekend","Jul",39040
"4","A","BB","Weekend","Jul",40407
"4","A","BB","Weekday","Jul",33857
"4","A","BB","Weekday","Jul",32466
"4","A","BB","Weekday","Jul",31960
"4","A","BB","Weekday","Jul",34876
"4","A","BB","Weekday","Jul",29942
"4","A","BB","Weekend","Jul",37442
"4","A","BB","Weekend","Jul",39869
"4","A","BB","Weekday","Jul",32315
"4","A","BB","Weekday","Jul",32701
"4","A","BB","Weekday","Jul",29627
"4","A","BB","Weekday","Jul",36325
"4","A","BB","Weekday","Jul",27924
"4","A","BB","Weekend","Jul",40930
"4","A","BB","Weekend","Jul",37654
"4","A","BB","Weekday","Jul",32184
"4","A","BB","Weekday","Jul",31419
"4","A","BB","Weekday","Aug",33328
"4","A","BB","Weekday","Aug",32616
"4","A","BB","Weekday","Aug",36965
"4","A","BB","Weekend","Aug",39890
"4","A","BB","Weekend","Aug",40124
"4","A","BB","Weekday","Aug",34404
"4","A","BB","Weekday","Aug",34745
"4","A","BB","Weekday","Aug",33738
"4","A","BB","Weekday","Aug",30178
"4","A","BB","Weekday","Aug",33055
"4","A","BB","Weekend","Aug",39097
"4","A","BB","Weekend","Aug",40939
"4","A","BB","Weekday","Aug",35064
"4","A","BB","Weekday","Aug",35119
"4","A","BB","Weekday","Aug",31586
"4","A","BB","Weekday","Aug",33762
"4","A","BB","Weekday","Aug",32583
"4","A","BB","Weekend","Aug",42143
"4","A","BB","Weekend","Aug",41920
"4","A","BB","Weekday","Aug",31551
"4","A","BB","Weekday","Aug",33911
"4","A","BB","Weekday","Aug",33789
"4","A","BB","Weekday","Aug",35925
"4","A","BB","Weekday","Aug",31977
"4","A","BB","Weekend","Aug",40832
"4","A","BB","Weekend","Aug",42682
"4","A","BB","Weekday","Aug",32609
"4","A","BB","Weekday","Aug",33275
"4","A","BB","Weekday","Aug",31688
"4","A","BB","Weekday","Aug",31962
"4","A","BB","Weekday","Aug",33413
"4","A","BB","Weekend","Sep",37950
"4","A","BB","Weekend","Sep",34990
"4","A","BB","Weekday","Sep",28984
"4","A","BB","Weekday","Sep",29207
"4","A","BB","Weekday","Sep",28073
"4","A","BB","Weekday","Sep",27032
"4","A","BB","Weekday","Sep",25644
"4","A","BB","Weekend","Sep",39654
"4","A","BB","Weekend","Sep",32244
"4","A","BB","Weekday","Sep",29601
"4","A","BB","Weekday","Sep",28532
"4","A","BB","Weekday","Sep",29477
"4","A","BB","Weekday","Sep",27966
"4","A","BB","Weekday","Sep",28274
"4","A","BB","Weekend","Sep",36016
"4","A","BB","Weekend","Sep",39859
"4","A","BB","Weekday","Sep",34959
"4","A","BB","Weekday","Sep",29093
"4","A","BB","Weekday","Sep",35698
"4","A","BB","Weekday","Sep",26639
"4","A","BB","Weekday","Sep",26102
"4","A","BB","Weekend","Sep",37375
"4","A","BB","Weekend","Sep",35284
"4","A","BB","Weekday","Sep",29626
"4","A","BB","Weekday","Sep",25658
"4","A","BB","Weekday","Sep",29934
"4","A","BB","Weekday","Sep",29087
"4","A","BB","Weekday","Sep",28714
"4","A","BB","Weekend","Sep",34405
"4","A","BB","Weekend","Sep",38800
"4","A","BB","Weekday","Oct",28535
"4","A","BB","Weekday","Oct",27301
"4","A","BB","Weekday","Oct",28243
"4","A","BB","Weekday","Oct",26205
"4","A","BB","Weekday","Oct",25719
"4","A","BB","Weekend","Oct",33637
"4","A","BB","Weekend","Oct",35186
"4","A","BB","Weekday","Oct",29125
"4","A","BB","Weekday","Oct",27294
"4","A","BB","Weekday","Oct",32763
"4","A","BB","Weekday","Oct",34131
"4","A","BB","Weekday","Oct",31426
"4","A","BB","Weekend","Oct",42546
"4","A","BB","Weekend","Oct",35116
"4","A","BB","Weekday","Oct",27742
"4","A","BB","Weekday","Oct",26155
"4","A","BB","Weekday","Oct",30430
"4","A","BB","Weekday","Oct",26802
"4","A","BB","Weekday","Oct",27348
"4","A","BB","Weekend","Oct",34401
"4","A","BB","Weekend","Oct",33440
"4","A","BB","Weekday","Oct",27747
"4","A","BB","Weekday","Oct",26134
"4","A","BB","Weekday","Oct",25098
"4","A","BB","Weekday","Oct",29618
"4","A","BB","Weekday","Oct",28986
"4","A","BB","Weekend","Oct",34849
"4","A","BB","Weekend","Oct",37714
"4","A","BB","Weekday","Oct",29051
"4","A","BB","Weekday","Oct",27906
"4","A","BB","Weekday","Oct",27185
"4","A","BB","Weekday","Nov",30759
"4","A","BB","Weekday","Nov",27812
"4","A","BB","Weekend","Nov",34524
"4","A","BB","Weekend","Nov",32205
"4","A","BB","Weekday","Nov",30098
"4","A","BB","Weekday","Nov",28561
"4","A","BB","Weekday","Nov",26327
"4","A","BB","Weekday","Nov",26047
"4","A","BB","Weekday","Nov",28036
"4","A","BB","Weekend","Nov",35946
"4","A","BB","Weekend","Nov",34474
"4","A","BB","Weekday","Nov",25614
"4","A","BB","Weekday","Nov",26269
"4","A","BB","Weekday","Nov",27293
"4","A","BB","Weekday","Nov",27029
"4","A","BB","Weekday","Nov",25488
"4","A","BB","Weekend","Nov",36903
"4","A","BB","Weekend","Nov",32524
"4","A","BB","Weekday","Nov",28429
"4","A","BB","Weekday","Nov",24902
"4","A","BB","Weekday","Nov",27478
"4","A","BB","Weekday","Nov",25379
"4","A","BB","Weekday","Nov",28179
"4","A","BB","Weekend","Nov",35812
"4","A","BB","Weekend","Nov",35568
"4","A","BB","Weekday","Nov",26744
"4","A","BB","Weekday","Nov",27257
"4","A","BB","Weekday","Nov",27356
"4","A","BB","Weekday","Nov",25193
"4","A","BB","Weekday","Nov",24938
"4","A","BB","Weekend","Dec",43328
"4","A","BB","Weekend","Dec",42296
"4","A","BB","Weekday","Dec",33615
"4","A","BB","Weekday","Dec",34562
"4","A","BB","Weekday","Dec",36892
"4","A","BB","Weekday","Dec",31136
"4","A","BB","Weekday","Dec",34879
"4","A","BB","Weekend","Dec",42854
"4","A","BB","Weekend","Dec",43381
"4","A","BB","Weekday","Dec",35808
"4","A","BB","Weekday","Dec",34889
"4","A","BB","Weekday","Dec",35960
"4","A","BB","Weekday","Dec",35411
"4","A","BB","Weekday","Dec",31940
"4","A","BB","Weekend","Dec",41017
"4","A","BB","Weekend","Dec",42492
"4","A","BB","Weekday","Dec",36637
"4","A","BB","Weekday","Dec",35545
"4","A","BB","Weekday","Dec",30453
"4","A","BB","Weekday","Dec",34627
"4","A","BB","Weekday","Dec",34342
"4","A","BB","Weekend","Dec",43168
"4","A","BB","Weekend","Dec",46470
"4","A","BB","Weekday","Dec",34244
"4","A","BB","Weekday","Dec",36717
"4","A","BB","Weekday","Dec",34961
"4","A","BB","Weekday","Dec",36917
"4","A","BB","Weekday","Dec",33769
"4","A","BB","Weekend","Dec",46607
"4","A","BB","Weekend","Dec",53571
"4","A","BB","Weekday","Dec",39740
